What do you predict your GPA will be at the end of your senior year?,Rate school lunch,What is the average amount of free time do you have in a normal school day?,What rank are you in fortnite?,On a scale of 1-10 how much of your stress is from homework from school?,CSP,How would you like to get to school?,"If you were to buy a car, how much would you spend? Enter a number without any letters, dollar sign, or commas.",Does pineapple belong on pizza?,Who do you want to win the SuperBowl?,What's the best sport?,Do you like CS?,ID,Are you taking chem next year?,Have you been to Europe?,Which fast food place has the best fries?,What is your favorite school lunch?,Did your parents make you come to STEM?,"When complicated ideas are presented in class, how confident are you that you can understand them?",Rate your level of effort in trying to solve the above math question?,Was Bill Nye an actual scientist?,How long should teachers take to grade assingments after the due date?,Do you think you are smarter than the average person?,HTML,Java,Scratch,Science,Math,What's you're favorite pass time?,Python,Dogs or cats?,How do you get to school now?,"On a scale of 1-10, how much did your parents influence your decision to come to STEM?",Do you enjoy participating in class discussions?,Which of these do you participate in?,"When others have disagreed with you, how respectful were you of their views?",How much do you use your screen per day?,What is your favorite drink?,Do you want to take AP or Honors Bio?,C++,Should there be a gym at Tesla STEM?,Javascript,Have you read a book in the past month?,Do you play an instrument?,Which one is better?,English,ENGLISH2,We will calculate the average of all numbers entered in response to this question. Please enter a number (an integer greater than zero and equal to or less than 100) that you think will equal 70% ...,How did you get to school in middle school?,Rank your favorite SuperQuiz,Chiefs or 49ers?,GP,How long does it take you to get to school?,ENG/ENT,C,How many freshmen can you name by face?,favorite type of console,Which is the hardest class,Is math a creative process or an algorithmic process?,Do you think mid-winter break should be moved to right after Finals week ends?,Would you prefer if the music in the class playlist had lyrics?,Taylor Swift or Kanye West?,MATH2,History,How many siblings do you have?
3.8,2,0-1,I don't play (cringe),7,NEUTRAL,Bus,,Yes,I don't care,Soccer,No,1,Yes,No,McDonald's,Burger,No,Somewhat confident,1,Yes,less than a week,No,no idea,no idea,no idea,Green,Blue,Other,beginner,Dogs,Car,5,Yes,,Quite respectful,below 5 hours,Other,AP bio,no idea,No,no idea,Yes,No,Pancakes,Red,VERY USE,70,Other,Superquiz 2;Superquiz 3;Superquiz 1;,Chiefs,VERY USE,5-10 min,NOT USE,no idea,70,XBOX,AP CSP,creative process,Yes,Yes,Taylor Swift,NEUTRAL,Yellow,1
3.8,2,2-Jan,I don't play (cringe),9,NEUTRAL,Car,25000,No,I don't care,Tennis,No,2,Yes,No,Chik-fil-A,Burger,Yes,Quite confident,5,No,less than a week,No,beginner,no idea,intermediate,Green,Blue,Other,beginner,Cats,Car,10,No,NONE,Quite respectful,above 5 hours,Milkshake / smoothie,AP bio,no idea,Yes,no idea,Yes,No,Waffles,Red,VERY USE,65,Car,Superquiz 1;Superquiz 2;Superquiz 3;,49ers,USE,10-20 min,VERY USE,no idea,70,XBOX,AP CSP,algorithmic process,Yes,Yes,Taylor Swift,VERY USE,Yellow,0
4,3,2-Jan,I don't play (cringe),9,USE,Car,42444,Yes,San Francisco,Tennis,No,3,Yes,Yes,McDonald's,Burger,No,Quite confident,5,Yes,2 days,Yes,no idea,no idea,intermediate,Other,Red,Reading,beginner,Dogs,Car,4,Yes,HOSA,Quite respectful,above 5 hours,Water,AP bio,beginner,Yes,no idea,Yes,Yes,Waffles,Green,NEUTRAL,70,Car,Superquiz 2;Superquiz 3;Superquiz 1;,49ers,VERY NOT USE,20-30 min,VERY NOT USE,beginner,130,PC,English,algorithmic process,Yes,Yes,Taylor Swift,USE,Blue,1
3.8,1,3-Feb,Bronze,7,USE,Bus,30000,Yes,San Francisco,Soccer,Yes,4,Yes,No,Chik-fil-A,Mashed Potatoes and Gravy,No,Quite confident,3,Yes,2 days,Yes,no idea,beginner,intermediate,Green,Red,Social Media / Media,intermediate,Dogs,Car,5,Yes,NONE,Slightly respectful,above 5 hours,Milkshake / smoothie,AP bio,no idea,Yes,no idea,Yes,Yes,Waffles,Yellow,USE,70,Bus,Superquiz 2;Superquiz 1;Superquiz 3;,49ers,USE,20-30 min,USE,beginner,166,PC,English,algorithmic process,Yes,Yes,Kanye West,USE,Yellow,1
4,2,2-Jan,Bronze,10,VERY USE,Walking,100000,Yes,I don't care,Basketball,Yes,5,Yes,Yes,Chik-fil-A,Salad,Yes,Quite confident,1,No,2 days,No,beginner,beginner,intermediate,Green,Blue,Social Media / Media,intermediate,Dogs,Car,6,Yes,HOSA,Somewhat respectful,above 5 hours,Water,AP bio,no idea,Yes,intermediate,Yes,Yes,Pancakes,Red,NEUTRAL,65,Bus,Superquiz 3;Superquiz 1;Superquiz 2;,Chiefs,USE,20-30 min,NEUTRAL,beginner,100,XBOX,English,algorithmic process,Yes,Yes,Kanye West,VERY USE,Yellow,1
4,5,2-Jan,Silver,1,USE,Car,15000,Yes,I don't care,Soccer,Yes,6,No,Yes,Red Robin,Burger,Yes,Quite confident,1,Yes,less than a week,Yes,intermediate,no idea,intermediate,Green,Blue,Social Media / Media,intermediate,Dogs,Car,10,Yes,NONE,Quite respectful,above 5 hours,Soda,AP bio,beginner,Yes,no idea,Yes,Yes,Waffles,Red,NEUTRAL,70,Car,Superquiz 2;Superquiz 3;Superquiz 1;,Chiefs,NEUTRAL,20-30 min,USE,beginner,73,PC,English,algorithmic process,Yes,No,Kanye West,USE,Yellow,1
3.95,3,4+,I don't play (cringe),1,USE,Car,30000,No,I don't care,Tennis,Yes,7,Yes,Yes,Red Robin,Pizza,No,Quite confident,1,Yes,less than a week,Yes,beginner,beginner,beginner,Green,Green,Other,intermediate,Dogs,Car,3,Yes,NONE,Quite respectful,above 5 hours,Milk,AP bio,beginner,No,beginner,Yes,No,Waffles,Yellow,USE,42,Car,Superquiz 2;Superquiz 1;Superquiz 3;,Chiefs,NEUTRAL,20-30 min,NEUTRAL,beginner,75,PC,English,algorithmic process,No,No,Taylor Swift,USE,Yellow,1
3.95,3,4+,Elite or higher (sweet),1,USE,Bus,100000,No,San Francisco,Soccer,No,8,Yes,Yes,McDonald's,Pizza,No,Extremely confident,1,Yes,2 days,Yes,intermediate,beginner,beginner,Green,Red,Social Media / Media,intermediate,Dogs,Bus,3,Yes,NONE,Not at all respectful,above 5 hours,Milkshake / smoothie,AP bio,beginner,Yes,intermediate,Yes,Yes,Waffles,Other,NEUTRAL,56,Walking,Superquiz 2;Superquiz 3;Superquiz 1;,49ers,NEUTRAL,30+ min,USE,beginner,120,PC,English,creative process,Yes,Yes,Kanye West,VERY USE,Yellow,2
2.6,1,4+,I don't play (cringe),9,NOT USE,Car,300000,Yes,San Francisco,Soccer,No,9,Yes,No,McDonald's,Mashed Potatoes and Gravy,No,Slightly confident,1,Yes,more than a month,No,no idea,no idea,no idea,Red,Yellow,Listening to Music,no idea,Cats,Bus,7,Yes,FBLA,Quite respectful,above 5 hours,Other,AP bio,no idea,No,no idea,Yes,Yes,Pancakes,Red,VERY USE,82,Walking,Superquiz 1;Superquiz 2;Superquiz 3;,49ers,NOT USE,30+ min,USE,no idea,165,Switch,AP CSP,algorithmic process,Yes,No,Kanye West,VERY USE,Yellow,2
3.89,3,2-Jan,Platinum,8,USE,Car,0.002,Yes,San Francisco,Soccer,No,10,Yes,No,Chik-fil-A,Burger,No,Quite confident,1,Yes,less than a week,Yes,no idea,no idea,no idea,Blue,Green,Sports,beginner,Dogs,Bus,3,Yes,NONE,Somewhat respectful,below 5 hours,Juices,AP bio,no idea,Yes,no idea,No,No,Pancakes,Yellow,NOT USE,11.265,Bus,Superquiz 2;Superquiz 1;Superquiz 3;,49ers,NOT USE,20-30 min,NEUTRAL,intermediate,120,PC,English,creative process,Yes,Yes,Kanye West,USE,Red,1
3.6,3,3-Feb,Diamond,7,USE,Walking,10000,No,San Francisco,Soccer,Yes,11,Yes,Yes,In-n-Out Burger,Burger,Yes,Slightly confident,1,Yes,less than a week,Yes,no idea,no idea,no idea,Blue,Green,Sports,beginner,Cats,Bus,7,Yes,NONE,Slightly respectful,below 5 hours,Milkshake / smoothie,AP bio,no idea,Yes,no idea,No,No,Pancakes,Yellow,VERY USE,0,Walking,Superquiz 3;Superquiz 2;Superquiz 1;,49ers,VERY NOT USE,20-30 min,VERY USE,no idea,100,PC,AP CSP,creative process,Yes,Yes,Kanye West,VERY USE,Yellow,1
4,2,2-Jan,I don't play (cringe),3,USE,Walking,6000,Yes,I don't care,Basketball,Yes,12,Yes,No,In-n-Out Burger,Pizza,No,Quite confident,1,Yes,2 days,Yes,intermediate,no idea,expert,Green,Blue,Gaming,intermediate,Dogs,Car,1,No,NONE,Quite respectful,above 5 hours,Coffee,AP bio,beginner,Yes,beginner,Yes,Yes,Pancakes,Red,USE,48,Bus,Superquiz 1;Superquiz 2;Superquiz 3;,49ers,NEUTRAL,30+ min,NOT USE,beginner,5,PC,English,creative process,Yes,No,Taylor Swift,VERY USE,Yellow,4
4,3,4-Mar,Bronze,2,USE,Car,6000,Yes,I don't care,Soccer,Yes,13,No,Yes,Red Robin,Pizza,No,Quite confident,1,No,less than a week,No,beginner,beginner,beginner,Green,Red,Gaming,expert,Dogs,Car,4,Yes,NONE,Quite respectful,below 5 hours,Water,Honors bio,beginner,No,beginner,Yes,Yes,Pancakes,Yellow,VERY USE,100,Bus,Superquiz 1;Superquiz 2;Superquiz 3;,Chiefs,NOT USE,10-20 min,VERY NOT USE,intermediate,95,XBOX,English,creative process,Yes,Yes,Kanye West,VERY USE,Blue,0
3.9,1,3-Feb,Elite or higher (sweet),3,VERY USE,Bike,100000,Yes,I don't care,Basketball,Yes,14,No,Yes,Chik-fil-A,Pizza,No,Extremely confident,1,Yes,less than a week,Yes,expert,no idea,expert,Green,Red,Gaming,expert,Cats,Car,5,No,FBLA,Quite respectful,below 5 hours,Milk,AP bio,expert,Yes,no idea,Yes,No,Pancakes,Yellow,VERY NOT USE,44,Car,Superquiz 2;Superquiz 3;Superquiz 1;,Chiefs,VERY NOT USE,10-20 min,VERY NOT USE,no idea,50,PC,English,algorithmic process,Yes,Yes,Kanye West,USE,Other,1
4,4,2-Jan,I don't play (cringe),1,VERY USE,Car,5000.99,Yes,I don't care,Tennis,Yes,15,No,No,McDonald's,Rice and Meat,No,Somewhat confident,5,Yes,less than a week,Yes,beginner,beginner,beginner,Red,Red,Social Media / Media,intermediate,Cats,Bike,3,Yes,NONE,Somewhat respectful,below 5 hours,Water,AP bio,beginner,Yes,no idea,No,Yes,Waffles,Red,NEUTRAL,19.8375963,Car,Superquiz 2;Superquiz 3;Superquiz 1;,Chiefs,USE,10-20 min,VERY NOT USE,no idea,120.5,PC,English,algorithmic process,No,Yes,Kanye West,VERY USE,Red,0
4,1,0-1,I don't play (cringe),7,VERY USE,Bike,50000,Yes,I don't care,Soccer,Yes,16,No,Yes,McDonald's,Pizza,No,Somewhat confident,3,Yes,less than a week,No,no idea,no idea,intermediate,Green,Blue,Sports,intermediate,Dogs,Bus,6,Yes,FBLA,Extremely respectful,above 5 hours,Water,AP bio,beginner,Yes,no idea,Yes,No,Pancakes,Red,USE,68,Car,Superquiz 2;Superquiz 3;Superquiz 1;,Chiefs,USE,20-30 min,VERY USE,no idea,100,PC,English,algorithmic process,Yes,Yes,Taylor Swift,VERY USE,Other,1
3.9,3,4-Mar,Platinum,4,VERY USE,Car,55000,Yes,I don't care,Tennis,Yes,17,No,No,Red Robin,Rice and Meat,No,Extremely confident,1,Yes,2 days,Yes,beginner,beginner,intermediate,Green,Blue,Listening to Music,intermediate,Dogs,Bus,3,Yes,NONE,Extremely respectful,below 5 hours,Water,AP bio,intermediate,Yes,beginner,Yes,No,Waffles,Red,NEUTRAL,2,Bike,Superquiz 3;Superquiz 1;Superquiz 2;,Chiefs,USE,30+ min,VERY NOT USE,beginner,120,PC,English,algorithmic process,Yes,Yes,Kanye West,USE,Yellow,1
3.8,1,0-1,I don't play (cringe),2,VERY USE,Walking,40000,Yes,San Francisco,Soccer,Yes,20,No,No,Red Robin,Parmesan Sticks,No,Extremely confident,3,Yes,less than a week,Yes,beginner,no idea,no idea,Green,Blue,Reading,beginner,Cats,Car,3,Yes,NONE,Quite respectful,below 5 hours,Water,AP bio,beginner,Yes,no idea,Yes,No,Waffles,Yellow,VERY NOT USE,35,Car,Superquiz 2;Superquiz 3;Superquiz 1;,49ers,USE,10-20 min,USE,no idea,50,XBOX,English,creative process,Yes,Yes,Taylor Swift,NEUTRAL,Red,0
3.9,1,0-1,Gold,3,USE,Car,40000,No,KC,Football,Yes,21,No,Yes,Red Robin,Rice and Meat,Yes,Not at all confident,1,Yes,2 days,Yes,expert,no idea,expert,Green,Yellow,Sports,intermediate,Dogs,Bus,8,Yes,TSA,Quite respectful,above 5 hours,Milkshake / smoothie,Honors bio,no idea,Yes,expert,Yes,Yes,Waffles,Red,VERY NOT USE,85,Bus,Superquiz 3;Superquiz 1;Superquiz 2;,Chiefs,NEUTRAL,10-20 min,NEUTRAL,intermediate,150,XBOX,English,algorithmic process,Yes,Yes,Kanye West,USE,Blue,1
3.7,2,3-Feb,I don't play (cringe),7,,Car,10000,Yes,I don't care,Basketball,No,22,No,No,Chik-fil-A,Burger,Yes,Somewhat confident,3,Yes,less than a week,No,no idea,no idea,no idea,Green,Red,Listening to Music,beginner,Dogs,Car,8,No,NONE,Quite respectful,below 5 hours,Milkshake / smoothie,AP bio,no idea,Yes,no idea,No,Yes,Waffles,Yellow,,31,Car,Superquiz 1;Superquiz 2;Superquiz 3;,49ers,,20-30 min,,beginner,100,Playstation,AP CSP,algorithmic process,Yes,No,Kanye West,,Other,1
4,4,0-1,I don't play (cringe),10,USE,Walking,30000,Yes,San Francisco,Soccer,Yes,23,Yes,No,McDonald's,Burger,No,Somewhat confident,5,No,2 days,Yes,no idea,no idea,intermediate,Green,Blue,Listening to Music,intermediate,Dogs,Car,7,Yes,HOSA,Quite respectful,below 5 hours,Milkshake / smoothie,AP bio,no idea,Yes,no idea,Yes,Yes,Waffles,Red,VERY USE,58,Bus,Superquiz 3;Superquiz 1;Superquiz 2;,Chiefs,NEUTRAL,10-20 min,NOT USE,intermediate,135,XBOX,AP CSP,algorithmic process,Yes,No,Taylor Swift,VERY USE,Yellow,1
4,3,2-Jan,I don't play (cringe),8,NEUTRAL,Car,10000,No,I don't care,Soccer,Yes,24,Yes,Yes,Red Robin,Pizza,No,Somewhat confident,5,Yes,less than a week,Yes,intermediate,no idea,expert,Green,Blue,Listening to Music,expert,Dogs,Car,6,Yes,TSA,Somewhat respectful,above 5 hours,Milkshake / smoothie,AP bio,no idea,No,no idea,Yes,Yes,Pancakes,Red,NEUTRAL,14,Car,,49ers,NOT USE,5-10 min,USE,intermediate,50,XBOX,AP CSP,algorithmic process,No,Yes,Kanye West,USE,Yellow,1
3.88,3,4-Mar,I don't play (cringe),3,VERY USE,Bus,100000,Yes,KC,Football,No,27,Yes,Yes,McDonald's,Mashed Potatoes and Gravy,No,Quite confident,3,Yes,less than a week,Yes,no idea,no idea,intermediate,Green,Blue,Reading,intermediate,Dogs,Bus,2,Yes,MUN,Slightly respectful,below 5 hours,Soda,AP bio,no idea,Yes,beginner,Yes,Yes,Waffles,Red,USE,34,Bus,Superquiz 2;Superquiz 1;Superquiz 3;,Chiefs,USE,30+ min,USE,beginner,142,PC,English,algorithmic process,Yes,Yes,Taylor Swift,VERY USE,Other,1
3.8,3,2-Jan,I don't play (cringe),8,VERY USE,Car,15000,Yes,I don't care,Tennis,Yes,28,No,No,Chik-fil-A,Rice and Meat,No,Quite confident,3,Yes,less than a week,No,no idea,no idea,,Green,Red,Listening to Music,beginner,Cats,Car,5,Yes,TSA,Quite respectful,below 5 hours,Juices,AP bio,beginner,No,no idea,Yes,Yes,Waffles,Yellow,USE,30,Car,Superquiz 2;Superquiz 1;Superquiz 3;,Chiefs,VERY USE,10-20 min,USE,beginner,50,PC,AP CSP,algorithmic process,Yes,No,Kanye West,VERY USE,Other,1
3.8,2,0-1,Diamond,7,USE,Car,30000,Yes,I don't care,Tennis,No,29,Yes,Yes,McDonald's,Salad,Yes,Quite confident,3,Yes,less than a week,No,no idea,no idea,expert,Green,Blue,Listening to Music,intermediate,Dogs,Car,8,Yes,FBLA,Quite respectful,above 5 hours,Water,AP bio,beginner,Yes,no idea,Yes,Yes,Waffles,Red,VERY USE,50,Walking,Superquiz 2;Superquiz 3;Superquiz 1;,49ers,NEUTRAL,20-30 min,NOT USE,beginner,60,PC,English,algorithmic process,Yes,,Kanye West,VERY USE,Other,0
3.5,3,2-Jan,I don't play (cringe),6,VERY USE,Other,30000,Yes,I don't care,Tennis,Yes,31,Yes,No,McDonald's,Burger,Yes,Somewhat confident,4,Yes,more than a month,Yes,no idea,intermediate,,Green,Other,Gaming,intermediate,Cats,Bus,10,Yes,NONE,Extremely respectful,below 5 hours,Water,AP bio,intermediate,No,no idea,Yes,Yes,Waffles,Red,VERY USE,90,Bus,Superquiz 2;Superquiz 1;Superquiz 3;,49ers,VERY NOT USE,30+ min,VERY USE,beginner,40,PC,AP CSP,algorithmic process,Yes,No,Kanye West,VERY USE,Blue,3
4,2,0-1,I don't play (cringe),8,VERY USE,Bus,40000,No,KC,Basketball,Yes,32,Yes,Yes,In-n-Out Burger,Pizza,No,Quite confident,5,Yes,less than a week,Yes,no idea,beginner,intermediate,Green,Blue,Reading,intermediate,Dogs,Bus,2,Yes,NONE,Quite respectful,below 5 hours,Water,AP bio,beginner,Yes,no idea,Yes,No,Waffles,Yellow,USE,70,Walking,Superquiz 2;Superquiz 3;Superquiz 1;,Chiefs,VERY USE,10-20 min,USE,beginner,40,XBOX,English,algorithmic process,Yes,Yes,Taylor Swift,VERY USE,Red,0
4,3,2-Jan,I don't play (cringe),7,VERY USE,Walking,30000,Yes,I don't care,Tennis,Yes,33,Yes,No,McDonald's,Pizza,No,Somewhat confident,3,No,more than a month,Yes,no idea,no idea,no idea,Blue,Other,Listening to Music,beginner,Cats,Car,5,Yes,NONE,Quite respectful,above 5 hours,Soda,AP bio,no idea,No,no idea,Yes,Yes,Waffles,Green,USE,47,Bus,Superquiz 2;Superquiz 1;Superquiz 3;,Chiefs,NEUTRAL,10-20 min,NEUTRAL,beginner,114,PC,AP CSP,algorithmic process,Yes,No,Taylor Swift,NEUTRAL,Other,1
3.4,3,4+,Gold,1,NEUTRAL,Car,10000,Yes,I don't care,Tennis,No,34,Yes,Yes,Chik-fil-A,Mashed Potatoes and Gravy,Yes,Somewhat confident,3,Yes,less than a week,No,no idea,no idea,beginner,Yellow,Blue,Social Media / Media,beginner,Dogs,Bus,9,Yes,NONE,Somewhat respectful,above 5 hours,Other,AP bio,beginner,No,no idea,No,Yes,Pancakes,Green,USE,75,Car,,49ers,NOT USE,20-30 min,VERY NOT USE,no idea,130,PC,AP CSP,algorithmic process,Yes,Yes,Kanye West,NEUTRAL,Red,3
3.75,1,0-1,I don't play (cringe),6,USE,Car,60000,No,KC,Soccer,Yes,36,Yes,Yes,Red Robin,Burger,No,Quite confident,3,Yes,less than a week,Yes,beginner,intermediate,expert,Green,Blue,Other,intermediate,Cats,Bus,2,Yes,MUN,Quite respectful,below 5 hours,Coffee,AP bio,intermediate,No,beginner,Yes,Yes,Pancakes,Red,USE,70,Bus,Superquiz 3;Superquiz 2;Superquiz 1;,Chiefs,NEUTRAL,20-30 min,NEUTRAL,beginner,160,XBOX,AP CSP,algorithmic process,Yes,Yes,Taylor Swift,VERY USE,Yellow,2
3.9,2,2-Jan,Gold,5,USE,Car,25000,Yes,San Francisco,Basketball,Yes,37,Yes,Yes,Red Robin,Pizza,No,Somewhat confident,2,,less than a week,Yes,intermediate,beginner,expert,Green,Blue,Other,intermediate,Dogs,Bus,4,Yes,TSA,Somewhat respectful,below 5 hours,Water,AP bio,no idea,Yes,no idea,Yes,Yes,Waffles,Red,VERY NOT USE,7,Bus,Superquiz 3;Superquiz 2;Superquiz 1;,Chiefs,USE,20-30 min,USE,intermediate,80,XBOX,English,algorithmic process,Yes,No,Kanye West,NEUTRAL,Other,1
3.9,3,2-Jan,I don't play (cringe),5,USE,Bike,30000,No,I don't care,Basketball,Yes,38,No,No,Chik-fil-A,Pizza,No,Quite confident,1,No,2 days,Yes,intermediate,no idea,beginner,Green,Red,Social Media / Media,expert,Dogs,Bus,5,Yes,FBLA,Quite respectful,below 5 hours,Milk,Honors bio,beginner,Yes,beginner,Yes,Yes,Waffles,Yellow,NEUTRAL,34,Bus,Superquiz 2;Superquiz 1;Superquiz 3;,49ers,NEUTRAL,20-30 min,USE,intermediate,120,PC,English,algorithmic process,Yes,Yes,Kanye West,USE,Other,1
4,3,0-1,I don't play (cringe),8,VERY USE,Car,40000,Yes,I don't care,Tennis,Yes,39,No,No,Red Robin,Mashed Potatoes and Gravy,No,Somewhat confident,3,No,less than a week,Yes,no idea,no idea,intermediate,Green,Blue,Other,beginner,Dogs,Car,2,No,NONE,Quite respectful,below 5 hours,Water,Honors bio,no idea,Yes,no idea,Yes,No,Pancakes,Red,NEUTRAL,6,Car,,Chiefs,USE,5-10 min,USE,no idea,40,Switch,English,algorithmic process,Yes,Yes,Taylor Swift,VERY USE,Yellow,0
3.95,3,2-Jan,Elite or higher (sweet),3,VERY USE,Car,50000,Yes,I don't care,Tennis,Yes,40,No,Yes,In-n-Out Burger,Parmesan Sticks,No,Quite confident,1,Yes,2 days,Yes,expert,beginner,expert,Green,Blue,Gaming,intermediate,Dogs,Car,4,Yes,MUN,Quite respectful,above 5 hours,Soda,AP bio,beginner,No,intermediate,Yes,Yes,Waffles,Red,VERY USE,50,Bus,Superquiz 2;Superquiz 1;Superquiz 3;,49ers,USE,30+ min,VERY USE,intermediate,166,XBOX,AP CSP,algorithmic process,No,Yes,Taylor Swift,VERY USE,Yellow,0
4,1,4-Mar,Silver,6,VERY USE,Car,45000,Yes,San Francisco,Football,Yes,41,Yes,No,McDonald's,Pizza,No,Quite confident,1,Yes,2 days,Yes,beginner,beginner,expert,Green,Red,Gaming,expert,Dogs,Car,4,Yes,FBLA,Extremely respectful,below 5 hours,Milk,AP bio,expert,No,no idea,Yes,Yes,Pancakes,Other,VERY USE,1,Car,,49ers,VERY NOT USE,20-30 min,VERY NOT USE,beginner,70,PC,English,algorithmic process,Yes,No,Kanye West,VERY USE,Yellow,1
3.9,2,3-Feb,Elite or higher (sweet),4,USE,Car,500000,Yes,I don't care,Basketball,No,42,Yes,No,McDonald's,Pancakes,No,Quite confident,5,Yes,2 days,No,no idea,beginner,expert,Green,Blue,Listening to Music,intermediate,Dogs,Car,4,Yes,MUN,Somewhat respectful,above 5 hours,Soda,AP bio,beginner,Yes,no idea,Yes,No,Pancakes,Red,NEUTRAL,50,Car,,49ers,NEUTRAL,10-20 min,USE,intermediate,87,XBOX,AP CSP,creative process,No,Yes,Taylor Swift,VERY USE,Yellow,1
3.8,3,2-Jan,Platinum,5,USE,Car,40000,Yes,KC,Soccer,Yes,43,No,Yes,McDonald's,Mashed Potatoes and Gravy,No,Somewhat confident,2,Yes,less than a week,Yes,no idea,no idea,no idea,Blue,Green,Sports,beginner,Dogs,Car,4,Yes,NONE,Quite respectful,below 5 hours,Juices,Honors bio,no idea,Yes,no idea,Yes,Yes,Waffles,Red,USE,15,Walking,Superquiz 2;Superquiz 1;Superquiz 3;,Chiefs,NOT USE,10-20 min,NEUTRAL,no idea,85,XBOX,English,algorithmic process,No,No,Taylor Swift,VERY USE,Yellow,2
3.9,1,3-Feb,I don't play (cringe),5,NEUTRAL,Bike,30000,No,I don't care,Tennis,,45,No,No,Red Robin,Rice and Meat,No,Somewhat confident,1,Yes,less than a week,Yes,no idea,no idea,no idea,Blue,Yellow,Sports,beginner,Dogs,Car,6,Yes,NONE,Quite respectful,above 5 hours,Water,AP bio,no idea,Yes,no idea,No,Yes,Waffles,Green,NEUTRAL,6.59,Bike,Superquiz 3;Superquiz 1;Superquiz 2;,49ers,NEUTRAL,5-10 min,NEUTRAL,beginner,80,PC,AP CSP,algorithmic process,No,No,Kanye West,NEUTRAL,Red,0
4,4,2-Jan,Platinum,4,VERY USE,Bike,100000,No,I don't care,Soccer,Yes,46,Yes,Yes,McDonald's,Pizza,Yes,Extremely confident,2,Yes,less than a week,Yes,no idea,beginner,expert,Blue,Blue,Gaming,beginner,Dogs,Car,7,Yes,NONE,Quite respectful,below 5 hours,Water,AP bio,beginner,Yes,beginner,Yes,Yes,Pancakes,Green,VERY USE,35,Bike,,49ers,VERY USE,10-20 min,VERY USE,beginner,50,XBOX,AP CSP,creative process,No,Yes,Taylor Swift,VERY USE,Red,1
3.8,1,0-1,I don't play (cringe),9,,Car,40000,Yes,KC,Basketball,No,47,No,Yes,Red Robin,Pizza,Yes,Slightly confident,5,Yes,less than a week,No,no idea,no idea,beginner,Green,Blue,Sports,intermediate,Dogs,Car,10,Yes,FBLA,Quite respectful,above 5 hours,Coffee,AP bio,intermediate,Yes,no idea,Yes,Yes,Waffles,Other,VERY USE,37,Bus,Superquiz 2;Superquiz 1;Superquiz 3;,Chiefs,NEUTRAL,20-30 min,NEUTRAL,intermediate,45,XBOX,AP CSP,algorithmic process,Yes,Yes,Taylor Swift,VERY USE,Other,1
3.4,2,3-Feb,Platinum,7,USE,Car,50000,Yes,I don't care,Tennis,Yes,49,Yes,No,Chik-fil-A,Mashed Potatoes and Gravy,Yes,Slightly confident,1,Yes,2 days,Yes,no idea,no idea,no idea,Blue,Red,Other,beginner,Dogs,Car,10,Yes,NONE,Quite respectful,below 5 hours,Milkshake / smoothie,AP bio,beginner,Yes,no idea,Yes,No,Waffles,Yellow,NEUTRAL,39,Bus,Superquiz 3;Superquiz 1;Superquiz 2;,49ers,VERY NOT USE,20-30 min,NEUTRAL,no idea,40,PC,AP CSP,algorithmic process,Yes,Yes,Kanye West,VERY USE,Green,1
3.3,3,4-Mar,I don't play (cringe),5,USE,Walking,35000,No,I don't care,Soccer,Yes,50,Yes,No,McDonald's,Pizza,No,Not at all confident,1,Yes,less than a week,No,no idea,no idea,beginner,Green,Blue,Other,beginner,Cats,Bus,4,Yes,NONE,Somewhat respectful,below 5 hours,Water,Honors bio,no idea,Yes,no idea,Yes,No,Waffles,Yellow,USE,69,Bus,Superquiz 2;Superquiz 1;Superquiz 3;,49ers,USE,10-20 min,USE,no idea,66,Switch,AP CSP,algorithmic process,Yes,Yes,Taylor Swift,USE,Other,0
3.9,2,3-Feb,Silver,3,VERY USE,Bus,15000,No,San Francisco,Soccer,No,51,No,Yes,In-n-Out Burger,Burger,No,Extremely confident,1,No,less than a week,Yes,intermediate,beginner,intermediate,Green,Blue,Gaming,intermediate,Dogs,Bus,7,Yes,FBLA,Quite respectful,above 5 hours,Soda,Honors bio,no idea,Yes,no idea,Yes,Yes,Pancakes,Red,VERY NOT USE,70,Bus,Superquiz 2;Superquiz 3;Superquiz 1;,49ers,NOT USE,10-20 min,NEUTRAL,expert,95,PC,English,algorithmic process,Yes,Yes,Kanye West,USE,Yellow,2
3.7,2,2-Jan,I don't play (cringe),6,NOT USE,Car,12000,Yes,I don't care,Football,Yes,52,Yes,No,Chik-fil-A,Salad,No,Somewhat confident,3,No,less than a week,No,beginner,no idea,intermediate,Green,Yellow,Gaming,beginner,Cats,Bus,2,Yes,NONE,Quite respectful,below 5 hours,Other,Honors bio,no idea,No,no idea,Yes,No,Waffles,Red,USE,70,Car,Superquiz 3;Superquiz 2;Superquiz 1;,Chiefs,NOT USE,20-30 min,NEUTRAL,no idea,73,PC,AP CSP,creative process,Yes,Yes,Taylor Swift,VERY USE,Blue,1
3.3,1,2-Jan,Silver,8,USE,Bus,20000,No,I don't care,Basketball,No,53,No,No,McDonald's,Rice and Meat,Yes,Not at all confident,3,Yes,less than a week,No,no idea,no idea,no idea,Green,Red,Other,beginner,Dogs,Car,10,No,NONE,Somewhat respectful,below 5 hours,Other,Honors bio,no idea,Yes,no idea,Yes,Yes,Pancakes,Blue,NEUTRAL,77,Walking,,49ers,VERY USE,5-10 min,USE,beginner,35,PC,AP CSP,algorithmic process,Yes,Yes,Kanye West,VERY USE,Yellow,0
3.84,1,2-Jan,Bronze,2,VERY USE,Bus,30000,No,I don't care,Basketball,Yes,54,No,No,McDonald's,Pizza,No,Slightly confident,3,No,less than a week,No,no idea,no idea,beginner,Green,Red,Gaming,beginner,Dogs,Bus,7,No,TSA,Quite respectful,below 5 hours,Coffee,Honors bio,beginner,Yes,no idea,Yes,Yes,Waffles,Yellow,NOT USE,48,Bus,Superquiz 2;Superquiz 1;Superquiz 3;,,USE,30+ min,NEUTRAL,no idea,58,XBOX,AP CSP,algorithmic process,Yes,Yes,Kanye West,VERY USE,Blue,1
3.9,3,2-Jan,I don't play (cringe),9,NOT USE,Car,50000,Yes,I don't care,,No,55,Yes,Yes,McDonald's,Salad,No,Quite confident,1,Yes,less than a week,No,intermediate,beginner,no idea,Green,Red,Other,intermediate,Cats,Car,7,No,NONE,Quite respectful,below 5 hours,Other,AP bio,intermediate,Yes,intermediate,Yes,Yes,Pancakes,Yellow,NOT USE,69,Car,Superquiz 1;Superquiz 2;Superquiz 3;,49ers,NOT USE,20-30 min,NEUTRAL,intermediate,50,XBOX,AP CSP,algorithmic process,Yes,Yes,Taylor Swift,NEUTRAL,Other,1
3.9,3,3-Feb,Platinum,5,USE,Car,245793,No,I don't care,Soccer,Yes,56,No,No,Red Robin,Pizza,No,Somewhat confident,3,No,2 days,No,no idea,no idea,no idea,,Yellow,Listening to Music,intermediate,Dogs,Car,4,Yes,FBLA,Quite respectful,below 5 hours,Milkshake / smoothie,AP bio,beginner,No,no idea,Yes,No,Waffles,Blue,VERY USE,5,Bus,Superquiz 2;Superquiz 1;Superquiz 3;,Chiefs,NEUTRAL,10-20 min,NEUTRAL,no idea,150,PC,AP CSP,algorithmic process,Yes,Yes,Taylor Swift,VERY USE,Red,2
4,1,4-Mar,Elite or higher (sweet),4,NEUTRAL,Bus,50000,Yes,I don't care,Soccer,Yes,57,No,Yes,McDonald's,Pizza,No,Extremely confident,1,No,2 days,Yes,intermediate,beginner,intermediate,Green,Red,Other,expert,Dogs,Car,1,Yes,FBLA,Extremely respectful,above 5 hours,Water,AP bio,intermediate,Yes,beginner,Yes,Yes,Pancakes,Yellow,NEUTRAL,73,Walking,Superquiz 2;Superquiz 3;Superquiz 1;,Chiefs,NEUTRAL,10-20 min,NEUTRAL,beginner,130,PC,English,algorithmic process,No,No,Kanye West,NEUTRAL,Yellow,1
3.8,3,2-Jan,I don't play (cringe),5,VERY USE,Bus,40000,Yes,I don't care,Soccer,Yes,58,No,Yes,Chik-fil-A,Rice and Meat,Yes,Somewhat confident,2,No,less than a week,No,beginner,intermediate,no idea,Green,Red,Listening to Music,intermediate,Dogs,Car,4,Yes,TSA,Quite respectful,above 5 hours,Coffee,AP bio,no idea,Yes,no idea,Yes,Yes,Pancakes,Blue,USE,40,Car,Superquiz 2;Superquiz 1;Superquiz 3;,49ers,USE,20-30 min,USE,beginner,100,PC,AP CSP,algorithmic process,Yes,Yes,Taylor Swift,VERY USE,Yellow,1
3.5,2,3-Feb,I don't play (cringe),8,VERY USE,Car,9999,No,I don't care,Tennis,Yes,59,Yes,No,McDonald's,Rice and Meat,No,Slightly confident,4,Yes,less than a week,No,beginner,no idea,intermediate,Green,Other,Listening to Music,intermediate,Dogs,Car,5,No,NONE,Somewhat respectful,above 5 hours,Water,Honors bio,beginner,No,beginner,Yes,Yes,Waffles,Blue,VERY USE,70,Car,,Chiefs,USE,10-20 min,VERY USE,no idea,150,PC,AP CSP,creative process,Yes,No,Taylor Swift,VERY USE,Yellow,1
3.2,4,0-1,Gold,7,NOT USE,Bike,60000,Yes,I don't care,Basketball,No,60,Yes,Yes,Chik-fil-A,Burger,Yes,Slightly confident,1,Yes,less than a week,Yes,no idea,no idea,beginner,Green,Blue,Listening to Music,beginner,Dogs,Car,10,Yes,NONE,Slightly respectful,below 5 hours,Soda,Honors bio,no idea,Yes,no idea,Yes,Yes,Waffles,Yellow,VERY USE,,Bus,Superquiz 3;Superquiz 2;Superquiz 1;,49ers,NOT USE,20-30 min,NEUTRAL,no idea,120,XBOX,AP CSP,algorithmic process,Yes,Yes,Kanye West,USE,Red,0
3,2,4-Mar,I don't play (cringe),5,VERY USE,Walking,15000,Yes,I don't care,Tennis,Yes,61,No,Yes,McDonald's,Salad,No,Somewhat confident,3,Yes,less than a week,Yes,no idea,beginner,intermediate,Green,Red,Gaming,intermediate,Dogs,Bus,6,Yes,TSA,Quite respectful,above 5 hours,Milkshake / smoothie,AP bio,no idea,Yes,beginner,Yes,Yes,Pancakes,Blue,USE,50,Bus,Superquiz 2;Superquiz 3;Superquiz 1;,49ers,NEUTRAL,30+ min,USE,intermediate,50,XBOX,AP CSP,algorithmic process,Yes,No,Taylor Swift,,Yellow,1
4,2,4+,I don't play (cringe),7,VERY USE,Bike,50000,Yes,San Francisco,Basketball,Yes,62,No,No,Red Robin,Pizza,No,Quite confident,5,Yes,2 days,Yes,beginner,no idea,expert,Green,Blue,Social Media / Media,intermediate,Dogs,Car,2,No,NONE,Somewhat respectful,below 5 hours,Water,AP bio,intermediate,Yes,no idea,Yes,No,Pancakes,Yellow,VERY USE,60,Bike,Superquiz 3;Superquiz 1;Superquiz 2;,49ers,NEUTRAL,10-20 min,NEUTRAL,no idea,100,XBOX,AP CSP,algorithmic process,Yes,Yes,Kanye West,VERY USE,Red,1
4,2,0-1,I don't play (cringe),4,USE,Bike,50000,Yes,KC,Football,No,63,Yes,Yes,Red Robin,Burger,No,Extremely confident,1,Yes,less than a week,Yes,intermediate,beginner,expert,Green,Blue,Other,intermediate,Dogs,Car,6,Yes,NONE,Slightly respectful,below 5 hours,Water,AP bio,beginner,Yes,intermediate,Yes,No,Waffles,Red,USE,25,Bike,Superquiz 2;Superquiz 1;Superquiz 3;,Chiefs,NEUTRAL,10-20 min,NEUTRAL,intermediate,135,Switch,English,algorithmic process,Yes,Yes,Taylor Swift,USE,Yellow,1
3.6,2,4-Mar,Bronze,6,NEUTRAL,Other,70000,Yes,San Francisco,Soccer,Yes,64,No,No,McDonald's,Pizza,Yes,Slightly confident,3,No,more than a month,No,beginner,no idea,intermediate,Green,Red,Other,intermediate,Dogs,Car,6,No,MUN,Somewhat respectful,below 5 hours,Milkshake / smoothie,AP bio,no idea,Yes,beginner,Yes,Yes,Waffles,Blue,NEUTRAL,5,Bus,Superquiz 2;Superquiz 3;Superquiz 1;,49ers,NEUTRAL,10-20 min,NEUTRAL,beginner,90,XBOX,AP CSP,algorithmic process,No,No,Kanye West,NEUTRAL,Yellow,1
3.92,1,2-Jan,I don't play (cringe),4,VERY USE,Car,50000,Yes,I don't care,Basketball,Yes,65,Yes,Yes,McDonald's,Rice and Meat,No,Somewhat confident,1,No,less than a week,Yes,no idea,no idea,beginner,Yellow,Blue,Social Media / Media,intermediate,Dogs,Car,8,Yes,FBLA,Quite respectful,above 5 hours,Juices,AP bio,intermediate,No,no idea,Yes,No,Waffles,Red,NOT USE,50,Car,Superquiz 3;Superquiz 2;Superquiz 1;,49ers,VERY USE,5-10 min,NOT USE,no idea,120,PC,AP CSP,algorithmic process,Yes,Yes,Taylor Swift,VERY USE,Other,1
3.5,2,3-Feb,I don't play (cringe),10,NEUTRAL,Bus,24500,Yes,I don't care,Soccer,No,66,No,No,McDonald's,Pancakes,Yes,Slightly confident,2,Yes,less than a week,No,no idea,no idea,intermediate,Green,Yellow,Social Media / Media,beginner,Cats,Car,10,No,NONE,Quite respectful,below 5 hours,Water,AP bio,no idea,Yes,beginner,Yes,No,Waffles,Red,NEUTRAL,42,Car,Superquiz 1;Superquiz 3;Superquiz 2;,Chiefs,NEUTRAL,10-20 min,VERY NOT USE,beginner,115,XBOX,AP CSP,algorithmic process,Yes,Yes,Kanye West,NEUTRAL,Blue,1
3.8,3,0-1,I don't play (cringe),9,VERY USE,Car,25000,Yes,I don't care,Soccer,Yes,67,No,No,Red Robin,Burger,Yes,Somewhat confident,,Yes,less than a week,No,beginner,no idea,intermediate,Green,Blue,Social Media / Media,beginner,Dogs,Car,10,Yes,NONE,Quite respectful,above 5 hours,Coffee,AP bio,beginner,Yes,no idea,No,No,Waffles,Red,USE,72,Car,Superquiz 2;Superquiz 1;Superquiz 3;,Chiefs,NOT USE,10-20 min,NEUTRAL,no idea,155,XBOX,AP CSP,algorithmic process,Yes,Yes,Kanye West,VERY USE,Yellow,1
3.9,2,0-1,I don't play (cringe),10,USE,Car,92400,Yes,I don't care,Tennis,Yes,68,Yes,No,Chik-fil-A,Pizza,No,Somewhat confident,4,Yes,less than a week,No,no idea,no idea,no idea,Other,Red,Reading,beginner,Dogs,Bus,1,Yes,TSA,Quite respectful,below 5 hours,Soda,AP bio,beginner,No,no idea,Yes,Yes,Pancakes,Blue,VERY USE,70,Car,Superquiz 2;Superquiz 1;Superquiz 3;,Chiefs,USE,30+ min,VERY USE,beginner,130,Switch,AP CSP,algorithmic process,Yes,Yes,Taylor Swift,VERY USE,Yellow,0
4,2,3-Feb,I don't play (cringe),2,VERY NOT USE,Car,15000,Yes,I don't care,Football,Yes,69,No,No,Chik-fil-A,Pizza,No,Extremely confident,1,Yes,more than a month,Yes,intermediate,expert,expert,Green,Blue,Reading,expert,Cats,Car,6,Yes,NONE,Somewhat respectful,above 5 hours,Other,Honors bio,beginner,No,intermediate,Yes,Yes,Waffles,Red,VERY NOT USE,36,Car,Superquiz 2;Superquiz 1;Superquiz 3;,Chiefs,VERY NOT USE,10-20 min,NEUTRAL,beginner,0,PC,English,algorithmic process,No,No,Taylor Swift,NOT USE,Yellow,1
3.9,1,0-1,I don't play (cringe),9,VERY USE,Car,50000,Yes,San Francisco,Basketball,Yes,70,No,No,,Rice and Meat,No,Somewhat confident,1,Yes,2 days,Yes,no idea,no idea,expert,Green,Red,Reading,intermediate,Dogs,Car,4,Yes,NONE,Somewhat respectful,below 5 hours,Juices,Honors bio,expert,No,no idea,Yes,No,Waffles,Blue,NOT USE,100,Bus,Superquiz 3;Superquiz 1;Superquiz 2;,49ers,USE,5-10 min,VERY USE,expert,50,PC,AP CSP,algorithmic process,Yes,Yes,Taylor Swift,VERY USE,Yellow,1
3.95,2,3-Feb,Elite or higher (sweet),5,VERY USE,Car,50000,No,KC,Football,Yes,18,Yes,Yes,Chik-fil-A,Rice and Meat,No,Quite confident,2,Yes,less than a week,Yes,intermediate,no idea,beginner,Yellow,Green,Sports,intermediate,Dogs,Car,4,Yes,FBLA,Slightly respectful,above 5 hours,Milkshake / smoothie,AP bio,no idea,Yes,no idea,No,No,Pancakes,Red,VERY NOT USE,53,Car,Superquiz 3;Superquiz 1;Superquiz 2;,Chiefs,NEUTRAL,10-20 min,VERY NOT USE,intermediate,160,PC,English,algorithmic process,Yes,Yes,Kanye West,VERY USE,Blue,1
3.8,3,2-Jan,I don't play (cringe),10,VERY USE,Walking,1000000000,Yes,I don't care,Tennis,Yes,19,No,Yes,McDonald's,Pizza,No,Somewhat confident,1,Yes,2 days,Yes,no idea,no idea,no idea,Green,Blue,Social Media / Media,beginner,Dogs,Car,1,Yes,TSA,Quite respectful,above 5 hours,Juices,AP bio,beginner,No,no idea,Yes,Yes,Waffles,Yellow,VERY USE,50,Walking,Superquiz 1;Superquiz 2;Superquiz 3;,Chiefs,VERY USE,5-10 min,VERY USE,no idea,100,PC,AP CSP,algorithmic process,Yes,Yes,Taylor Swift,VERY USE,Red,1
4,2,0-1,I don't play (cringe),3,VERY USE,Car,50000,No,I don't care,Tennis,Yes,25,Yes,No,McDonald's,Pizza,No,Quite confident,2,Yes,less than a week,No,intermediate,beginner,intermediate,Green,Blue,Social Media / Media,intermediate,Dogs,Car,2,Yes,TSA,Quite respectful,below 5 hours,Coffee,AP bio,intermediate,No,beginner,Yes,Yes,Waffles,Other,NOT USE,7,Bus,Superquiz 1;Superquiz 3;Superquiz 2;,Chiefs,VERY NOT USE,10-20 min,NEUTRAL,beginner,160,PC,AP CSP,algorithmic process,Yes,Yes,Taylor Swift,VERY USE,Yellow,1
3.7,2,3-Feb,Elite or higher (sweet),3,USE,Car,20000,No,San Francisco,Soccer,Yes,26,No,Yes,McDonald's,Pizza,No,Slightly confident,3,Yes,less than a week,Yes,no idea,beginner,intermediate,Other,Green,Social Media / Media,intermediate,Dogs,Car,5,Yes,FBLA,Somewhat respectful,below 5 hours,Juices,AP bio,beginner,Yes,no idea,Yes,Yes,Waffles,Yellow,VERY USE,39,Bike,Superquiz 2;Superquiz 1;Superquiz 3;,49ers,VERY NOT USE,20-30 min,USE,intermediate,130,PC,English,algorithmic process,Yes,Yes,Kanye West,VERY USE,Blue,1
2,4,4+,Bronze,7,USE,Car,5000,No,I don't care,Tennis,No,30,Yes,No,McDonald's,Rice and Meat,Yes,Somewhat confident,2,Yes,less than a week,No,no idea,no idea,beginner,Other,Green,Gaming,beginner,Dogs,Car,10,No,NONE,Somewhat respectful,above 5 hours,Milk,Honors bio,no idea,Yes,no idea,Yes,No,Pancakes,Red,VERY USE,32,Bus,,Chiefs,NEUTRAL,20-30 min,VERY NOT USE,no idea,5,PC,AP CSP,algorithmic process,Yes,No,Kanye West,NEUTRAL,Yellow,1
3,4,4+,I don't play (cringe),4,USE,Car,25000,Yes,I don't care,Soccer,Yes,35,No,No,Chik-fil-A,Pizza,Yes,Slightly confident,3,Yes,less than a week,,beginner,beginner,beginner,Red,Blue,Gaming,beginner,Dogs,Car,8,Yes,,,below 5 hours,Juices,AP bio,beginner,,beginner,Yes,Yes,Waffles,Yellow,USE,55,Car,Superquiz 2;Superquiz 1;Superquiz 3;,49ers,USE,5-10 min,VERY USE,beginner,57,Switch,AP CSP,algorithmic process,Yes,No,Taylor Swift,VERY USE,Green,2
3.9,2,3-Feb,I don't play (cringe),5,USE,Bike,5000,Yes,I don't care,Tennis,Yes,44,No,Yes,Chik-fil-A,Pizza,No,Slightly confident,1,Yes,less than a week,No,intermediate,no idea,beginner,Green,Blue,Gaming,intermediate,Dogs,Car,3,Yes,NONE,Extremely respectful,below 5 hours,Water,AP bio,intermediate,Yes,intermediate,No,No,Waffles,Red,USE,43,Bus,Superquiz 3;Superquiz 1;Superquiz 2;,49ers,NOT USE,5-10 min,VERY NOT USE,no idea,30,Playstation,AP CSP,algorithmic process,Yes,No,Kanye West,NEUTRAL,Yellow,0
3.8,1,4-Mar,I don't play (cringe),8,NEUTRAL,Walking,40000,No,I don't care,Soccer,Yes,48,No,No,McDonald's,Pizza,No,Slightly confident,1,Yes,less than a week,No,no idea,no idea,intermediate,Green,Blue,Social Media / Media,beginner,Cats,Car,8,Yes,MUN,Quite respectful,below 5 hours,Coffee,AP bio,no idea,Yes,beginner,Yes,Yes,Pancakes,Red,USE,69,Walking,,Chiefs,VERY USE,10-20 min,VERY NOT USE,beginner,150,XBOX,AP CSP,algorithmic process,Yes,No,Taylor Swift,VERY USE,Other,2
3.6,2,3-Feb,Gold,6,VERY USE,Car,5000,Yes,KC,Soccer,Yes,71,No,No,Chik-fil-A,Pizza,Yes,Slightly confident,5,Yes,less than a week,Yes,no idea,no idea,no idea,Red,Red,Sports,intermediate,Dogs,Bus,8,Yes,TSA,Quite respectful,above 5 hours,Soda,Honors bio,no idea,Yes,no idea,Yes,Yes,Pancakes,Red,VERY NOT USE,35,Bus,Superquiz 3;Superquiz 2;Superquiz 1;,Chiefs,VERY NOT USE,20-30 min,USE,beginner,75,Playstation,English,algorithmic process,Yes,No,Kanye West,VERY USE,Red,1
3,2,0-1,Elite or higher (sweet),8,VERY USE,Other,100000,No,KC,Soccer,Yes,73,Yes,Yes,Chik-fil-A,Pancakes,Yes,Not at all confident,4,Yes,more than a month,No,no idea,no idea,no idea,Green,Blue,Listening to Music,intermediate,Dogs,Bus,8,Yes,NONE,Quite respectful,below 5 hours,Coffee,AP bio,no idea,Yes,no idea,Yes,No,Pancakes,Yellow,USE,70,Walking,,49ers,VERY NOT USE,10-20 min,NOT USE,beginner,100,XBOX,AP CSP,algorithmic process,Yes,Yes,Taylor Swift,VERY USE,Red,2
3.6,1,4-Mar,I don't play (cringe),8,VERY USE,Car,50000,Yes,I don't care,Tennis,Yes,74,No,No,In-n-Out Burger,Rice and Meat,No,Slightly confident,1,No,less than a week,No,no idea,no idea,no idea,Yellow,Red,Gaming,beginner,Dogs,Bus,7,Yes,NONE,Somewhat respectful,below 5 hours,Other,AP bio,no idea,No,no idea,Yes,No,Pancakes,Green,USE,70,Car,,49ers,VERY NOT USE,30+ min,NEUTRAL,beginner,23,XBOX,AP CSP,algorithmic process,Yes,No,Taylor Swift,VERY USE,Other,1
3.7,1,0-1,Elite or higher (sweet),6,USE,Car,100000,No,San Francisco,Tennis,No,75,Yes,Yes,McDonald's,Salad,No,Slightly confident,1,Yes,2 days,Yes,no idea,no idea,beginner,Green,Blue,Sports,beginner,Dogs,Bus,1,Yes,FBLA,Slightly respectful,below 5 hours,Coffee,AP bio,beginner,Yes,no idea,Yes,Yes,Waffles,Yellow,VERY USE,10,Car,Superquiz 2;Superquiz 3;Superquiz 1;,49ers,VERY NOT USE,20-30 min,NEUTRAL,beginner,100,Playstation,AP CSP,algorithmic process,Yes,Yes,Kanye West,VERY USE,Red,2
3.6,3,2-Jan,Diamond,8,USE,Bike,20000,Yes,I don't care,Soccer,Yes,76,No,Yes,McDonald's,Parmesan Sticks,No,Somewhat confident,3,Yes,less than a week,Yes,no idea,no idea,beginner,Green,Red,Gaming,beginner,Cats,Car,8,No,NONE,Quite respectful,below 5 hours,Other,Honors bio,beginner,Yes,no idea,Yes,No,Pancakes,Blue,NEUTRAL,43,Bus,Superquiz 2;Superquiz 1;Superquiz 3;,49ers,NEUTRAL,10-20 min,NEUTRAL,no idea,48,PC,AP CSP,algorithmic process,No,No,Kanye West,USE,Yellow,1
24,3,2-Jan,I don't play (cringe),9,USE,Walking,,Yes,I don't care,Tennis,Yes,77,No,No,McDonald's,Pancakes,Yes,Slightly confident,4,Yes,less than a week,No,no idea,beginner,intermediate,Green,Blue,Social Media / Media,beginner,Cats,Car,9,No,NONE,Quite respectful,above 5 hours,Water,Honors bio,no idea,No,beginner,Yes,Yes,Pancakes,Red,USE,35,Car,Superquiz 2;Superquiz 1;Superquiz 3;,Chiefs,VERY USE,10-20 min,USE,no idea,15,PC,AP CSP,algorithmic process,No,Yes,Taylor Swift,VERY USE,Yellow,0
3.9,2,0-1,I don't play (cringe),7,NEUTRAL,Car,2000,No,I don't care,Tennis,No,79,Yes,Yes,Chik-fil-A,Pizza,No,Quite confident,3,No,less than a week,Yes,,,,Green,Blue,Listening to Music,intermediate,Cats,Bus,5,Yes,NONE,Quite respectful,below 5 hours,Water,AP bio,intermediate,Yes,,Yes,No,Waffles,Red,VERY USE,29,Car,Superquiz 2;Superquiz 3;Superquiz 1;,Chiefs,USE,30+ min,VERY NOT USE,,40,XBOX,AP CSP,algorithmic process,Yes,No,Taylor Swift,NEUTRAL,Yellow,1
3.75,1,0-1,I don't play (cringe),9,NOT USE,Car,10000,No,I don't care,Basketball,No,80,Yes,No,Chik-fil-A,Salad,No,Somewhat confident,4,Yes,2 days,Yes,no idea,no idea,no idea,Blue,Red,Sports,beginner,Dogs,Bus,1,Yes,NONE,Somewhat respectful,below 5 hours,Other,Honors bio,beginner,Yes,no idea,Yes,Yes,Waffles,Other,VERY USE,5,Car,Superquiz 2;Superquiz 1;Superquiz 3;,Chiefs,NOT USE,10-20 min,NEUTRAL,beginner,120,Switch,AP CSP,algorithmic process,Yes,No,Kanye West,VERY USE,Green,0
3.2,1,4-Mar,I don't play (cringe),6,USE,Car,60000,Yes,I don't care,Tennis,Yes,81,No,No,Chik-fil-A,Parmesan Sticks,No,Somewhat confident,1,Yes,more than a month,Yes,no idea,no idea,no idea,Green,Blue,Social Media / Media,beginner,Cats,Car,1,No,NONE,Quite respectful,above 5 hours,Milk,Honors bio,no idea,Yes,no idea,Yes,No,Pancakes,Red,VERY USE,70,Car,Superquiz 3;Superquiz 2;Superquiz 1;,49ers,NEUTRAL,30+ min,USE,no idea,50,Switch,AP CSP,algorithmic process,Yes,Yes,Kanye West,VERY USE,Yellow,1
4,2,3-Feb,Gold,7,USE,Car,30000,Yes,San Francisco,Football,No,82,Yes,No,McDonald's,Rice and Meat,No,Somewhat confident,1,Yes,less than a week,Yes,no idea,no idea,intermediate,Green,Red,Sports,intermediate,Dogs,Car,6,Yes,HOSA,Somewhat respectful,above 5 hours,Water,AP bio,no idea,Yes,no idea,Yes,No,Waffles,Blue,NOT USE,65,Bike,,49ers,NEUTRAL,10-20 min,USE,beginner,50,XBOX,AP CSP,algorithmic process,Yes,Yes,Kanye West,USE,Yellow,1
3.7,1,0-1,I don't play (cringe),6,USE,Bike,20000,Yes,I don't care,Soccer,Yes,84,No,Yes,Chik-fil-A,Parmesan Sticks,No,Quite confident,1,Yes,less than a week,Yes,beginner,intermediate,expert,Blue,Green,Other,intermediate,Dogs,Car,3,Yes,NONE,Extremely respectful,below 5 hours,Milk,AP bio,no idea,No,beginner,Yes,Yes,Pancakes,Red,USE,54,Walking,Superquiz 3;Superquiz 1;Superquiz 2;,49ers,VERY USE,30+ min,NEUTRAL,no idea,4,PC,English,algorithmic process,Yes,No,Taylor Swift,VERY USE,Yellow,1
4,1,0-1,I don't play (cringe),3,USE,Car,40000,Yes,I don't care,Soccer,Yes,86,No,Yes,McDonald's,Salad,No,Quite confident,1,,less than a week,No,no idea,no idea,beginner,Green,Yellow,Reading,intermediate,Cats,Car,5,Yes,NONE,Quite respectful,above 5 hours,Water,AP bio,beginner,Yes,no idea,Yes,Yes,Waffles,Blue,USE,,Car,Superquiz 2;Superquiz 1;Superquiz 3;,,VERY NOT USE,5-10 min,USE,beginner,30,PC,AP CSP,creative process,Yes,Yes,Taylor Swift,USE,Red,0
4,1,0-1,I don't play (cringe),3,USE,Car,40000,Yes,I don't care,Soccer,Yes,87,No,Yes,McDonald's,Salad,No,Quite confident,1,No,less than a week,No,no idea,no idea,beginner,Green,Blue,Reading,intermediate,Cats,Car,3,Yes,NONE,Quite respectful,above 5 hours,Water,AP bio,beginner,Yes,no idea,Yes,Yes,Waffles,Yellow,USE,,Car,Superquiz 2;Superquiz 1;Superquiz 3;,49ers,VERY NOT USE,5-10 min,USE,beginner,30,PC,AP CSP,creative process,Yes,Yes,Taylor Swift,USE,Red,0
4,1,3-Feb,Silver,3,VERY USE,Car,35000,No,I don't care,Basketball,Yes,88,No,Yes,Chik-fil-A,Parmesan Sticks,No,Quite confident,2,Yes,less than a week,Yes,intermediate,no idea,intermediate,Green,Blue,Other,expert,Dogs,Car,5,Yes,TSA,Quite respectful,below 5 hours,Water,Honors bio,no idea,Yes,intermediate,No,Yes,Waffles,Green,USE,65,Bus,,49ers,VERY USE,10-20 min,VERY USE,intermediate,60,PC,AP CSP,algorithmic process,Yes,Yes,Kanye West,VERY USE,Red,1
3.9,2,2-Jan,I don't play (cringe),6,VERY USE,Car,100000,Yes,KC,Tennis,Yes,90,No,No,Chik-fil-A,Burger,Yes,Slightly confident,3,Yes,end of semester,No,beginner,no idea,expert,Red,Blue,Social Media / Media,beginner,Dogs,Car,7,No,FBLA,Extremely respectful,above 5 hours,Juices,AP bio,beginner,No,no idea,No,No,Waffles,Other,NOT USE,27,Walking,,Chiefs,VERY NOT USE,5-10 min,USE,no idea,90,XBOX,AP CSP,algorithmic process,Yes,Yes,Taylor Swift,VERY USE,Green,1
3.5,3,2-Jan,I don't play (cringe),7,USE,Car,40000,Yes,I don't care,Basketball,Yes,92,Yes,Yes,McDonald's,Burger,Yes,Somewhat confident,1,Yes,less than a week,No,beginner,no idea,beginner,Green,Other,Social Media / Media,beginner,Dogs,Car,9,Yes,HOSA,Quite respectful,above 5 hours,Juices,AP bio,beginner,Yes,beginner,No,Yes,Waffles,Red,NEUTRAL,60,Bus,Superquiz 1;Superquiz 2;Superquiz 3;,Chiefs,NEUTRAL,10-20 min,NEUTRAL,no idea,90,PC,AP CSP,algorithmic process,No,No,Taylor Swift,USE,Yellow,1
3.8,3,3-Feb,Bronze,7,VERY USE,Car,40000,Yes,I don't care,Basketball,Yes,93,Yes,Yes,Red Robin,Salad,No,Somewhat confident,1,Yes,less than a week,Yes,no idea,no idea,beginner,Green,Red,Social Media / Media,beginner,Dogs,Car,5,Yes,HOSA,Quite respectful,above 5 hours,Water,AP bio,beginner,Yes,beginner,No,No,Pancakes,Other,USE,66,Bus,Superquiz 3;Superquiz 1;Superquiz 2;,49ers,NEUTRAL,10-20 min,USE,beginner,1,Switch,English,algorithmic process,No,No,Taylor Swift,VERY USE,Blue,1
3.95,5,3-Feb,Diamond,6,VERY USE,Car,20000,No,KC,Football,Yes,94,No,Yes,Red Robin,Burger,No,Somewhat confident,1,Yes,2 days,Yes,intermediate,beginner,beginner,Yellow,Red,Gaming,intermediate,Cats,Car,6,Yes,NONE,Somewhat respectful,below 5 hours,Soda,Honors bio,beginner,No,beginner,No,No,Waffles,Blue,NOT USE,30,Bus,Superquiz 1;Superquiz 2;Superquiz 3;,Chiefs,VERY NOT USE,10-20 min,VERY NOT USE,beginner,50,XBOX,English,algorithmic process,Yes,No,Kanye West,USE,Other,1
3.8,2,2-Jan,Elite or higher (sweet),6,USE,Bus,30000,Yes,I don't care,Basketball,Yes,95,Yes,No,Chik-fil-A,Burger,Yes,Slightly confident,,Yes,,Yes,no idea,no idea,expert,Yellow,Red,Listening to Music,intermediate,Dogs,Car,8,Yes,FBLA,Slightly respectful,above 5 hours,Soda,AP bio,no idea,Yes,no idea,Yes,No,Waffles,Blue,VERY NOT USE,70,Car,Superquiz 3;Superquiz 2;Superquiz 1;,49ers,NEUTRAL,10-20 min,VERY NOT USE,no idea,130,PC,English,creative process,Yes,Yes,Kanye West,USE,Green,1
4,1,0-1,I don't play (cringe),3,VERY USE,Car,1,Yes,I don't care,Tennis,Yes,96,No,No,McDonald's,Burger,No,Quite confident,1,No,less than a week,No,beginner,beginner,beginner,Green,Other,Other,beginner,Dogs,Car,7,Yes,FBLA,Quite respectful,below 5 hours,Water,AP bio,intermediate,Yes,no idea,Yes,Yes,Waffles,Red,VERY USE,50,Car,Superquiz 1;Superquiz 2;Superquiz 3;,49ers,VERY USE,10-20 min,VERY USE,intermediate,50,PC,English,creative process,No,Yes,Kanye West,VERY USE,Yellow,1
3.5,4,2-Jan,I don't play (cringe),6,VERY USE,Bike,35000,Yes,I don't care,Tennis,Yes,97,No,Yes,McDonald's,Burger,No,Quite confident,3,Yes,more than a month,No,beginner,no idea,beginner,Green,Blue,Listening to Music,beginner,Dogs,Car,2,Yes,HOSA,Quite respectful,above 5 hours,Water,AP bio,beginner,No,beginner,Yes,Yes,Waffles,Yellow,VERY USE,70,Bus,Superquiz 2;Superquiz 1;Superquiz 3;,49ers,VERY USE,5-10 min,USE,no idea,140,Switch,AP CSP,algorithmic process,Yes,Yes,Taylor Swift,VERY USE,Red,1
4,2,0-1,Bronze,6,USE,Bus,300000,Yes,San Francisco,Soccer,Yes,98,Yes,No,Red Robin,Pancakes,No,Quite confident,2,No,less than a week,No,expert,intermediate,expert,Yellow,Blue,Reading,expert,Dogs,Car,3,Yes,HOSA,Quite respectful,below 5 hours,Water,AP bio,beginner,Yes,intermediate,Yes,Yes,Waffles,Red,NEUTRAL,4,Car,Superquiz 1;Superquiz 2;Superquiz 3;,49ers,USE,20-30 min,VERY NOT USE,intermediate,40,Playstation,English,creative process,Yes,No,Kanye West,VERY USE,Green,0
3.2,3,3-Feb,Gold,7,USE,Bus,20000,Yes,San Francisco,Football,Yes,99,No,No,Chik-fil-A,Rice and Meat,Yes,Somewhat confident,1,Yes,less than a week,No,beginner,no idea,beginner,Green,Blue,Social Media / Media,intermediate,Dogs,Other,7,Yes,NONE,Quite respectful,above 5 hours,Soda,Honors bio,intermediate,Yes,no idea,No,No,Waffles,Yellow,NOT USE,1,Car,Superquiz 2;Superquiz 1;Superquiz 3;,49ers,VERY NOT USE,10-20 min,NEUTRAL,,100,XBOX,AP CSP,algorithmic process,Yes,Yes,Taylor Swift,VERY USE,Red,1
3.5,1,4-Mar,I don't play (cringe),10,VERY NOT USE,Car,15000,Yes,I don't care,Soccer,No,100,No,Yes,Chik-fil-A,Pizza,No,Slightly confident,5,Yes,2 days,No,no idea,no idea,no idea,Other,Red,Gaming,no idea,Cats,Car,5,Yes,NONE,Slightly respectful,below 5 hours,Water,Honors bio,no idea,Yes,no idea,No,Yes,Pancakes,Green,USE,7,Bus,,49ers,VERY NOT USE,10-20 min,NOT USE,no idea,166,PC,AP CSP,algorithmic process,Yes,No,Kanye West,VERY USE,Blue,1
3.89,1,4+,I don't play (cringe),5,,Bus,70000,No,San Francisco,Basketball,Yes,101,No,Yes,Chik-fil-A,Salad,No,Quite confident,1,Yes,less than a week,Yes,beginner,beginner,beginner,Green,Green,Gaming,intermediate,Cats,Bus,5,Yes,NONE,Quite respectful,above 5 hours,Juices,AP bio,beginner,Yes,intermediate,Yes,Yes,Waffles,Green,USE,27,Bus,,49ers,NEUTRAL,20-30 min,NEUTRAL,beginner,80,PC,English,creative process,Yes,Yes,Kanye West,VERY USE,Blue,1
3.5,2,3-Feb,Diamond,8,NEUTRAL,Walking,,Yes,San Francisco,Soccer,No,102,No,No,McDonald's,Parmesan Sticks,No,Slightly confident,4,Yes,less than a week,Yes,no idea,no idea,beginner,Green,Yellow,Gaming,intermediate,Dogs,Car,6,No,TSA,Somewhat respectful,above 5 hours,Water,Honors bio,no idea,Yes,beginner,No,Yes,Waffles,Blue,NEUTRAL,50,Walking,Superquiz 3;Superquiz 2;Superquiz 1;,49ers,NEUTRAL,5-10 min,NEUTRAL,beginner,120,XBOX,AP CSP,algorithmic process,Yes,Yes,Kanye West,NEUTRAL,Red,1
3,2,0-1,Diamond,7,NEUTRAL,Car,70000,Yes,I don't care,Tennis,No,104,No,No,In-n-Out Burger,Parmesan Sticks,No,Slightly confident,1,Yes,2 days,No,beginner,beginner,intermediate,Green,Blue,Gaming,intermediate,Dogs,Car,2,Yes,TSA,Slightly respectful,below 5 hours,Milk,AP bio,no idea,Yes,beginner,Yes,Yes,Waffles,Red,USE,63,Car,Superquiz 3;Superquiz 2;Superquiz 1;,49ers,VERY NOT USE,10-20 min,NEUTRAL,beginner,54,PC,AP CSP,creative process,Yes,Yes,Kanye West,VERY USE,Yellow,0
,,,,,,,,Yes,,,,105,,,McDonald's,,,,1,,,,,,,,,,,Dogs,,,,,,,,,,,,,,,,,,,,,,,,,,,,,,,,,,
4,1,0-1,I don't play (cringe),8,USE,Car,10000,No,I don't care,Basketball,No,106,No,Yes,McDonald's,Pancakes,Yes,Somewhat confident,1,No,less than a week,No,no idea,no idea,no idea,Green,Blue,Listening to Music,intermediate,Cats,Car,10,Yes,FBLA,Somewhat respectful,above 5 hours,Coffee,Honors bio,beginner,Yes,no idea,Yes,Yes,Pancakes,Red,NEUTRAL,7,Bus,,Chiefs,VERY NOT USE,20-30 min,NEUTRAL,no idea,83,Switch,AP CSP,algorithmic process,Yes,Yes,Kanye West,VERY USE,Yellow,1
3.9,5,0-1,I don't play (cringe),8,VERY USE,Other,100000,Yes,I don't care,Basketball,Yes,108,Yes,Yes,McDonald's,Pancakes,No,Somewhat confident,1,Yes,less than a week,Yes,beginner,beginner,no idea,Green,Blue,Gaming,intermediate,Cats,Car,6,Yes,NONE,Quite respectful,above 5 hours,Juices,Honors bio,intermediate,Yes,beginner,Yes,Yes,Waffles,Red,USE,30,Walking,,49ers,VERY USE,30+ min,VERY USE,beginner,100,PC,English,algorithmic process,Yes,Yes,Taylor Swift,VERY USE,Yellow,0
4,3,3-Feb,I don't play (cringe),10,VERY USE,Car,30000,Yes,I don't care,Basketball,Yes,109,No,No,McDonald's,Burger,No,Quite confident,4,Yes,less than a week,Yes,no idea,beginner,intermediate,Green,Blue,Listening to Music,beginner,Dogs,Car,6,Yes,NONE,Somewhat respectful,below 5 hours,Water,AP bio,beginner,No,no idea,Yes,Yes,Waffles,Red,USE,50,Bike,Superquiz 2;Superquiz 1;Superquiz 3;,49ers,NEUTRAL,10-20 min,NEUTRAL,no idea,150,Playstation,AP CSP,algorithmic process,Yes,No,Kanye West,USE,Yellow,1
4,5,4-Mar,Gold,6,VERY USE,Car,500000,No,San Francisco,Football,Yes,110,No,Yes,McDonald's,Pizza,No,Somewhat confident,5,Yes,end of semester,No,no idea,intermediate,intermediate,Green,Yellow,Social Media / Media,expert,Dogs,Car,1,Yes,FBLA,Somewhat respectful,below 5 hours,Soda,AP bio,no idea,Yes,beginner,Yes,,Pancakes,Red,NEUTRAL,,Bike,Superquiz 1;Superquiz 2;Superquiz 3;,49ers,VERY NOT USE,10-20 min,USE,no idea,110,XBOX,English,algorithmic process,No,Yes,Kanye West,NEUTRAL,Blue,0
3.5,2,2-Jan,Gold,10,VERY USE,Car,20000,No,I don't care,Soccer,Yes,112,Yes,No,McDonald's,Rice and Meat,Yes,Not at all confident,1,Yes,less than a week,No,no idea,no idea,no idea,Blue,Other,Gaming,no idea,Dogs,Walking,10,Yes,NONE,Extremely respectful,above 5 hours,Soda,AP bio,no idea,Yes,no idea,No,No,Pancakes,Yellow,VERY USE,10,Walking,Superquiz 2;Superquiz 3;Superquiz 1;,Chiefs,NOT USE,30+ min,USE,no idea,10,Playstation,AP CSP,algorithmic process,Yes,Yes,Kanye West,USE,Other,1
3.8,2,3-Feb,I don't play (cringe),5,USE,Bus,30000,Yes,I don't care,Soccer,No,113,No,Yes,Whataburger,Burger,Yes,Quite confident,1,No,less than a week,No,no idea,no idea,no idea,Green,Red,Listening to Music,beginner,Cats,Bus,8,Yes,NONE,Extremely respectful,below 5 hours,Other,AP bio,no idea,Yes,no idea,Yes,Yes,Waffles,Blue,USE,70,Car,Superquiz 2;Superquiz 1;Superquiz 3;,49ers,USE,10-20 min,NEUTRAL,beginner,110,XBOX,AP CSP,algorithmic process,Yes,Yes,Taylor Swift,USE,Yellow,2
4,2,2-Jan,I don't play (cringe),8,NEUTRAL,Bike,200000,Yes,I don't care,Tennis,Yes,114,No,Yes,Chik-fil-A,Pizza,No,Extremely confident,1,Yes,less than a week,No,expert,beginner,expert,Red,Blue,Listening to Music,expert,Dogs,Car,8,Yes,MUN,Extremely respectful,below 5 hours,Milk,Honors bio,beginner,No,beginner,Yes,Yes,Waffles,Yellow,VERY USE,,Bus,Superquiz 3;Superquiz 1;Superquiz 2;,Chiefs,NEUTRAL,10-20 min,USE,beginner,55,Switch,AP CSP,algorithmic process,No,Yes,Taylor Swift,VERY USE,Green,1
3.5,1,2-Jan,I don't play (cringe),8,USE,Walking,50000,Yes,I don't care,Soccer,No,115,Yes,Yes,McDonald's,Salad,No,Quite confident,1,No,less than a week,No,beginner,no idea,no idea,Green,Other,Reading,beginner,Dogs,Car,6,Yes,NONE,Somewhat respectful,below 5 hours,Coffee,AP bio,beginner,No,no idea,Yes,No,Pancakes,Blue,NEUTRAL,78,Bus,,49ers,USE,10-20 min,USE,no idea,100,PC,AP CSP,algorithmic process,Yes,Yes,Taylor Swift,VERY USE,Yellow,0
0,3,4-Mar,I don't play (cringe),7,NEUTRAL,Car,20000,No,I don't care,Tennis,Yes,116,No,No,In-n-Out Burger,Burger,Yes,Somewhat confident,2,No,end of semester,No,no idea,no idea,no idea,Green,Blue,Sports,beginner,Cats,Car,8,No,NONE,Quite respectful,below 5 hours,Water,AP bio,no idea,Yes,beginner,Yes,Yes,Pancakes,Other,USE,5,Bus,Superquiz 1;Superquiz 2;Superquiz 3;,Chiefs,NOT USE,20-30 min,NOT USE,beginner,40,PC,English,algorithmic process,Yes,No,Kanye West,VERY NOT USE,Blue,1
3.59,3,0-1,I don't play (cringe),6,NEUTRAL,Car,30000,No,I don't care,Tennis,Yes,117,No,No,Chik-fil-A,Pizza,No,Somewhat confident,4,Yes,less than a week,No,no idea,no idea,beginner,Green,Red,Listening to Music,beginner,Dogs,Car,2,No,NONE,Quite respectful,below 5 hours,Milkshake / smoothie,AP bio,beginner,No,no idea,Yes,Yes,Waffles,Yellow,NEUTRAL,49,Car,Superquiz 2;Superquiz 1;Superquiz 3;,Chiefs,NEUTRAL,5-10 min,USE,beginner,50,XBOX,AP CSP,algorithmic process,Yes,No,Taylor Swift,USE,Blue,1
3.9,3,2-Jan,I don't play (cringe),6,NEUTRAL,Car,100000,No,I don't care,Tennis,Yes,118,No,Yes,McDonald's,Pizza,Yes,Somewhat confident,2,No,less than a week,Yes,beginner,intermediate,intermediate,Yellow,Blue,Sports,intermediate,Dogs,Car,8,Yes,FBLA,Somewhat respectful,below 5 hours,Soda,AP bio,no idea,Yes,no idea,Yes,No,Waffles,Red,NEUTRAL,35,Car,Superquiz 2;Superquiz 1;Superquiz 3;,Chiefs,USE,5-10 min,VERY NOT USE,no idea,105,PC,AP CSP,algorithmic process,No,No,Taylor Swift,USE,Green,1
3.4,1,0-1,Diamond,5,VERY USE,Car,50000,No,I don't care,Basketball,Yes,119,Yes,Yes,In-n-Out Burger,Burger,No,Slightly confident,2,Yes,2 days,No,expert,no idea,expert,Green,Blue,Gaming,expert,Dogs,Bus,1,Yes,NONE,Extremely respectful,above 5 hours,Soda,Honors bio,intermediate,No,no idea,No,Yes,Waffles,Red,VERY USE,1,Car,Superquiz 3;Superquiz 2;Superquiz 1;,Chiefs,VERY NOT USE,20-30 min,NOT USE,no idea,80,PC,AP CSP,algorithmic process,Yes,No,Kanye West,USE,Yellow,1
2,1,4-Mar,Platinum,5,NEUTRAL,Car,100000,No,KC,Basketball,Yes,121,Yes,No,Chik-fil-A,Salad,No,Quite confident,1,Yes,2 days,Yes,intermediate,beginner,no idea,Green,Blue,Listening to Music,intermediate,Dogs,Car,1,Yes,HOSA,Quite respectful,below 5 hours,Juices,AP bio,beginner,No,beginner,Yes,No,Waffles,Yellow,NEUTRAL,2,Car,Superquiz 2;Superquiz 3;Superquiz 1;,49ers,NEUTRAL,10-20 min,NEUTRAL,no idea,150,PC,English,algorithmic process,Yes,No,Kanye West,NEUTRAL,Other,1
3.5,3,2-Jan,I don't play (cringe),8,USE,Car,10000,Yes,I don't care,Basketball,No,122,No,Yes,Chik-fil-A,Parmesan Sticks,No,Somewhat confident,2,Yes,less than a week,Yes,no idea,no idea,no idea,Blue,Red,Listening to Music,beginner,Dogs,Bus,5,No,NONE,Quite respectful,below 5 hours,Other,AP bio,no idea,No,beginner,Yes,Yes,Waffles,Yellow,NEUTRAL,50,Car,Superquiz 1;Superquiz 3;Superquiz 2;,49ers,NOT USE,30+ min,NEUTRAL,beginner,50,PC,AP CSP,algorithmic process,No,No,Taylor Swift,VERY USE,Green,1
3.9,1,0-1,I don't play (cringe),2,VERY USE,Car,100000,No,KC,Basketball,Yes,123,Yes,No,Chik-fil-A,Parmesan Sticks,No,Somewhat confident,5,Yes,2 days,No,beginner,beginner,intermediate,Green,Blue,Sports,beginner,Dogs,Car,2,Yes,FBLA,Extremely respectful,below 5 hours,Water,AP bio,no idea,Yes,no idea,Yes,No,Waffles,Yellow,USE,6,Bus,Superquiz 3;Superquiz 2;Superquiz 1;,Chiefs,NEUTRAL,10-20 min,USE,beginner,130,Playstation,English,algorithmic process,Yes,Yes,Taylor Swift,VERY USE,Red,1
3.5,2,2-Jan,Gold,4,VERY USE,Car,20000,No,I don't care,Soccer,No,124,Yes,Yes,McDonald's,Pizza,No,Somewhat confident,3,Yes,less than a week,No,no idea,no idea,no idea,Green,Blue,Social Media / Media,intermediate,Cats,Car,3,Yes,NONE,Somewhat respectful,below 5 hours,Water,Honors bio,beginner,Yes,no idea,Yes,No,Pancakes,Yellow,VERY USE,47,Bike,,Chiefs,USE,10-20 min,VERY USE,no idea,100,Switch,AP CSP,creative process,No,No,Taylor Swift,USE,Other,1
12345678,3,2-Jan,I don't play (cringe),7,NEUTRAL,Other,48000,No,I don't care,Soccer,No,125,Yes,No,Red Robin,Pizza,Yes,Slightly confident,2,Yes,less than a week,No,intermediate,no idea,no idea,Green,Blue,Reading,beginner,Dogs,Car,7,Yes,NONE,Quite respectful,above 5 hours,Milkshake / smoothie,AP bio,no idea,No,intermediate,Yes,Yes,Waffles,Red,USE,40,Bus,,49ers,NEUTRAL,5-10 min,NEUTRAL,beginner,60,Switch,AP CSP,algorithmic process,Yes,Yes,,VERY USE,Yellow,3
4,5,2-Jan,I don't play (cringe),6,NEUTRAL,Walking,4000,No,KC,Basketball,No,126,No,No,McDonald's,Burger,Yes,Not at all confident,1,No,2 days,No,no idea,no idea,no idea,Green,Blue,Social Media / Media,beginner,Dogs,Car,6,Yes,FBLA,Somewhat respectful,below 5 hours,Water,Honors bio,no idea,Yes,no idea,No,No,Pancakes,Red,VERY NOT USE,64,Bus,Superquiz 2;Superquiz 3;Superquiz 1;,49ers,USE,10-20 min,NEUTRAL,no idea,140,PC,AP CSP,creative process,Yes,No,Taylor Swift,VERY NOT USE,Yellow,0
2,3,3-Feb,I don't play (cringe),7,USE,Car,222985,No,I don't care,Tennis,Yes,127,No,No,Red Robin,Parmesan Sticks,No,Not at all confident,1,Yes,end of semester,No,no idea,intermediate,expert,Yellow,Red,Gaming,intermediate,Dogs,Car,1,Yes,NONE,Somewhat respectful,above 5 hours,Milkshake / smoothie,AP bio,beginner,,no idea,Yes,No,Waffles,Blue,VERY USE,50,Bus,,Chiefs,VERY NOT USE,10-20 min,NOT USE,no idea,50,PC,AP CSP,algorithmic process,Yes,Yes,Kanye West,VERY USE,Green,1
3.6,3,2-Jan,I don't play (cringe),7,VERY USE,Car,1.42E+11,Yes,I don't care,Football,Yes,128,No,No,Red Robin,Pizza,No,Somewhat confident,2,Yes,less than a week,No,no idea,no idea,expert,Other,Red,Listening to Music,intermediate,Dogs,Car,4,Yes,NONE,Somewhat respectful,above 5 hours,Water,AP bio,beginner,No,no idea,Yes,Yes,Pancakes,Blue,,7,Bus,Superquiz 2;Superquiz 1;Superquiz 3;,49ers,NEUTRAL,5-10 min,NEUTRAL,beginner,125,PC,AP CSP,algorithmic process,Yes,Yes,Taylor Swift,USE,Yellow,1
4,4,3-Feb,I don't play (cringe),2,USE,Car,10000,No,I don't care,Soccer,Yes,129,No,No,McDonald's,Pizza,Yes,Extremely confident,1,Yes,less than a week,Yes,no idea,no idea,expert,Green,Red,Gaming,intermediate,Dogs,Car,10,Yes,NONE,Quite respectful,below 5 hours,Other,AP bio,beginner,Yes,no idea,Yes,No,Waffles,Blue,USE,48,Car,Superquiz 2;Superquiz 1;Superquiz 3;,Chiefs,NOT USE,5-10 min,NEUTRAL,beginner,120,XBOX,English,creative process,Yes,No,Taylor Swift,VERY USE,Yellow,1
4,4,0-1,I don't play (cringe),7,USE,Walking,45000,No,San Francisco,Tennis,Yes,130,Yes,Yes,Red Robin,Pizza,No,Slightly confident,5,Yes,less than a week,Yes,beginner,no idea,beginner,Green,Blue,Listening to Music,intermediate,Dogs,Car,7,Yes,HOSA,Extremely respectful,below 5 hours,Juices,AP bio,beginner,Yes,no idea,Yes,Yes,Waffles,Red,USE,32,Car,Superquiz 3;Superquiz 1;Superquiz 2;,49ers,NEUTRAL,10-20 min,NEUTRAL,no idea,75,PC,AP CSP,creative process,No,No,Taylor Swift,USE,Yellow,1
3.8,2,2-Jan,I don't play (cringe),4,NEUTRAL,Car,40000,Yes,I don't care,Tennis,Yes,132,Yes,Yes,Chik-fil-A,Salad,No,Somewhat confident,1,No,less than a week,Yes,no idea,beginner,intermediate,Green,Blue,Other,beginner,Dogs,Car,1,Yes,NONE,Somewhat respectful,below 5 hours,Milkshake / smoothie,AP bio,beginner,Yes,no idea,Yes,Yes,Pancakes,Red,NEUTRAL,76,Bike,,49ers,NEUTRAL,5-10 min,NEUTRAL,beginner,80,Switch,English,algorithmic process,Yes,No,Kanye West,NEUTRAL,Yellow,2
3.9,3,0-1,Platinum,2,,Bike,100000,Yes,San Francisco,Football,Yes,133,No,Yes,McDonald's,Pizza,No,Extremely confident,1,No,less than a week,Yes,,,expert,Green,Other,Gaming,expert,Dogs,Car,3,Yes,TSA,Quite respectful,above 5 hours,Water,AP bio,intermediate,Yes,beginner,No,No,Waffles,Yellow,,4,Bike,Superquiz 2;Superquiz 1;Superquiz 3;,49ers,,30+ min,,beginner,60,PC,English,algorithmic process,Yes,Yes,Taylor Swift,,Yellow,1
3.9,3,3-Feb,I don't play (cringe),6,USE,Bus,30000,No,I don't care,Basketball,Yes,134,No,No,McDonald's,Pizza,No,Quite confident,2,No,less than a week,Yes,expert,no idea,beginner,Green,Red,Gaming,expert,Dogs,Bus,5,Yes,FBLA,Quite respectful,below 5 hours,Milk,AP bio,no idea,Yes,intermediate,Yes,Yes,Waffles,Yellow,NEUTRAL,34.3,Bus,Superquiz 2;Superquiz 1;Superquiz 3;,49ers,NEUTRAL,20-30 min,USE,intermediate,120,PC,English,algorithmic process,Yes,No,Kanye West,USE,Other,1
3.9,2,4-Mar,I don't play (cringe),2,VERY USE,Car,100000,No,I don't care,Soccer,Yes,135,Yes,No,Chik-fil-A,Burger,No,Quite confident,4,Yes,more than a month,Yes,intermediate,beginner,intermediate,Green,Blue,Listening to Music,intermediate,Dogs,Car,5,Yes,FBLA,Quite respectful,below 5 hours,Water,AP bio,intermediate,Yes,beginner,Yes,No,Pancakes,Yellow,VERY USE,70,Bus,Superquiz 2;Superquiz 3;Superquiz 1;,49ers,NOT USE,5-10 min,NEUTRAL,no idea,50,PC,English,algorithmic process,Yes,Yes,Kanye West,VERY USE,Red,0
3.2,2,0-1,I don't play (cringe),8,VERY USE,Bus,20000,Yes,I don't care,Basketball,No,136,Yes,No,McDonald's,Parmesan Sticks,No,Slightly confident,3,Yes,less than a week,No,no idea,no idea,no idea,Green,Blue,Listening to Music,beginner,Cats,Bus,3,No,NONE,Somewhat respectful,above 5 hours,Water,,no idea,Yes,no idea,Yes,Yes,Waffles,Red,USE,60,Car,Superquiz 1;Superquiz 3;Superquiz 2;,49ers,NOT USE,20-30 min,NEUTRAL,no idea,7,PC,AP CSP,creative process,Yes,No,Taylor Swift,VERY USE,Other,1
2.8,1,2-Jan,Elite or higher (sweet),5,USE,Car,286000,No,I don't care,Football,No,137,Yes,No,Chik-fil-A,Burger,No,Slightly confident,2,Yes,2 days,Yes,intermediate,beginner,beginner,Blue,Red,Listening to Music,intermediate,Dogs,Car,5,Yes,NONE,Somewhat respectful,above 5 hours,Milkshake / smoothie,Honors bio,beginner,Yes,beginner,Yes,No,Waffles,Yellow,VERY USE,70,Car,Superquiz 1;Superquiz 2;Superquiz 3;,49ers,NOT USE,30+ min,USE,beginner,100,XBOX,AP CSP,algorithmic process,Yes,Yes,Kanye West,USE,Green,0
2.5,2,3-Feb,Elite or higher (sweet),9,USE,Other,1,Yes,San Francisco,Soccer,Yes,138,No,Yes,In-n-Out Burger,Pizza,No,Somewhat confident,5,Yes,less than a week,No,intermediate,intermediate,intermediate,Green,Blue,Sports,intermediate,Dogs,Car,6,Yes,TSA,Quite respectful,below 5 hours,Milk,AP bio,beginner,Yes,intermediate,Yes,Yes,Waffles,Yellow,NEUTRAL,67,Car,Superquiz 2;Superquiz 3;Superquiz 1;,49ers,USE,10-20 min,USE,beginner,60,PC,AP CSP,algorithmic process,No,Yes,Kanye West,USE,Red,2
3.6,1,4-Mar,I don't play (cringe),8,VERY USE,Walking,50000,Yes,I don't care,Basketball,Yes,139,Yes,No,McDonald's,Rice and Meat,No,Somewhat confident,1,Yes,2 days,Yes,intermediate,beginner,expert,Blue,Blue,Gaming,intermediate,Cats,Car,5,Yes,TSA,Somewhat respectful,above 5 hours,Soda,Honors bio,beginner,Yes,intermediate,Yes,Yes,Waffles,Green,VERY USE,0,Bike,,Chiefs,USE,10-20 min,VERY NOT USE,beginner,30,PC,AP CSP,creative process,Yes,Yes,Taylor Swift,VERY USE,Other,1
0.5,4,3-Feb,Platinum,7,VERY USE,Bus,4000,Yes,I don't care,Tennis,Yes,140,No,Yes,McDonald's,Burger,No,Somewhat confident,2,Yes,2 days,No,beginner,no idea,expert,Green,Red,Gaming,intermediate,Cats,Car,5,Yes,NONE,Somewhat respectful,below 5 hours,Milk,Honors bio,no idea,Yes,beginner,Yes,No,Pancakes,Green,USE,70,Car,,49ers,USE,10-20 min,NOT USE,beginner,113,XBOX,English,creative process,Yes,Yes,Kanye West,VERY USE,Other,0
3.98,2,2-Jan,I don't play (cringe),7,NEUTRAL,Other,20000,Yes,KC,Soccer,No,72,Yes,Yes,Whataburger,Salad,No,Quite confident,1,No,more than a month,No,no idea,intermediate,expert,Green,Other,Gaming,intermediate,Cats,Car,1,Yes,TSA,Extremely respectful,below 5 hours,Milkshake / smoothie,AP bio,no idea,No,no idea,Yes,Yes,Pancakes,Other,VERY USE,17.15,Walking,Superquiz 1;Superquiz 3;Superquiz 2;,Chiefs,USE,10-20 min,USE,beginner,97,Switch,English,algorithmic process,No,No,Taylor Swift,VERY USE,Other,1
3.6,2,4-Mar,I don't play (cringe),6,VERY NOT USE,Bike,3000,Yes,KC,Soccer,No,78,Yes,No,McDonald's,Parmesan Sticks,No,,2,Yes,,No,,no idea,intermediate,Green,Blue,Reading,intermediate,Cats,Car,6,No,NONE,Extremely respectful,above 5 hours,Milkshake / smoothie,Honors bio,,No,,Yes,Yes,Waffles,Red,USE,72,Bus,Superquiz 2;Superquiz 1;Superquiz 3;,Chiefs,VERY USE,10-20 min,NEUTRAL,,13,Switch,AP CSP,algorithmic process,Yes,No,,USE,Yellow,1
3.5,1,2-Jan,I don't play (cringe),5,VERY USE,Car,1000,Yes,I don't care,Tennis,Yes,83,Yes,No,McDonald's,Salad,No,Somewhat confident,1,Yes,less than a week,Yes,no idea,no idea,no idea,Blue,Green,Other,beginner,Dogs,Car,2,No,NONE,Extremely respectful,below 5 hours,Water,AP bio,no idea,No,no idea,Yes,Yes,Pancakes,Other,NEUTRAL,20,Car,,Chiefs,VERY USE,10-20 min,VERY USE,no idea,50,XBOX,AP CSP,algorithmic process,No,Yes,Taylor Swift,VERY USE,Red,1
0.2,1,3-Feb,I don't play (cringe),5,VERY USE,Car,50000,No,KC,Soccer,No,85,Yes,Yes,Chik-fil-A,Pancakes,Yes,Not at all confident,4,No,less than a week,No,no idea,no idea,beginner,Green,Red,Sports,beginner,Dogs,Car,10,No,NONE,Extremely respectful,above 5 hours,Water,AP bio,no idea,Yes,no idea,Yes,No,Pancakes,Other,VERY NOT USE,7,Car,Superquiz 1;Superquiz 3;Superquiz 2;,Chiefs,VERY USE,20-30 min,VERY NOT USE,beginner,20,XBOX,English,algorithmic process,No,Yes,Kanye West,VERY USE,Blue,1
3.9,3,4+,I don't play (cringe),6,NEUTRAL,Bus,30000,No,I don't care,Soccer,No,89,Yes,No,McDonald's,Parmesan Sticks,No,Somewhat confident,2,Yes,less than a week,Yes,no idea,no idea,no idea,Green,Red,Listening to Music,intermediate,Cats,Bus,3,Yes,FBLA,Quite respectful,above 5 hours,Other,AP bio,no idea,No,no idea,Yes,No,Pancakes,Yellow,NEUTRAL,24,Car,Superquiz 2;Superquiz 1;Superquiz 3;,49ers,NOT USE,20-30 min,USE,beginner,70,XBOX,AP CSP,algorithmic process,Yes,Yes,Taylor Swift,USE,Blue,1
4,3,0-1,Elite or higher (sweet),1,USE,Car,100000,Yes,I don't care,Basketball,Yes,91,Yes,Yes,McDonald's,Burger,No,Quite confident,1,Yes,2 days,No,no idea,no idea,no idea,Other,Yellow,Sports,intermediate,Dogs,Car,1,Yes,FBLA,Somewhat respectful,below 5 hours,Milkshake / smoothie,AP bio,beginner,Yes,no idea,Yes,Yes,,Red,NEUTRAL,,Bus,,49ers,USE,10-20 min,USE,beginner,150,PC,AP CSP,algorithmic process,Yes,No,Kanye West,VERY USE,Blue,2
3.9,3,4-Mar,I don't play (cringe),2,USE,Car,20000,Yes,I don't care,Tennis,Yes,103,Yes,Yes,McDonald's,Pizza,No,Quite confident,1,Yes,less than a week,Yes,no idea,no idea,expert,Blue,Green,Other,intermediate,Dogs,Car,3,Yes,NONE,Quite respectful,above 5 hours,Milk,AP bio,no idea,No,no idea,Yes,No,Waffles,Red,USE,57,Car,Superquiz 2;Superquiz 1;Superquiz 3;,49ers,USE,20-30 min,NOT USE,beginner,75,PC,English,algorithmic process,No,No,Taylor Swift,USE,Yellow,1
3.87,3,0-1,I don't play (cringe),7,VERY USE,Bike,23000,Yes,I don't care,Basketball,No,107,Yes,Yes,McDonald's,Burger,No,Slightly confident,5,Yes,less than a week,No,beginner,no idea,beginner,Green,Green,Social Media / Media,intermediate,Dogs,Bus,1,Yes,NONE,Slightly respectful,above 5 hours,Milkshake / smoothie,AP bio,no idea,Yes,no idea,No,No,Pancakes,Blue,VERY USE,89,Bus,Superquiz 3;Superquiz 2;Superquiz 1;,49ers,USE,30+ min,VERY USE,intermediate,43,PC,English,creative process,Yes,No,Kanye West,VERY USE,Yellow,1
3,3,0-1,I don't play (cringe),8,NOT USE,Car,250000,Yes,I don't care,Basketball,No,111,No,No,McDonald's,Pizza,Yes,Slightly confident,2,Yes,less than a week,Yes,intermediate,no idea,no idea,Green,Blue,Social Media / Media,intermediate,Cats,Car,8,Yes,TSA,Somewhat respectful,above 5 hours,Milk,Honors bio,no idea,Yes,beginner,No,No,Waffles,Yellow,USE,10,Bus,Superquiz 2;Superquiz 1;Superquiz 3;,Chiefs,NEUTRAL,10-20 min,USE,no idea,140,PC,AP CSP,algorithmic process,Yes,Yes,Kanye West,USE,Other,1
3.8,3,2-Jan,I don't play (cringe),6,USE,Car,50000,No,I don't care,Basketball,No,120,No,No,Chik-fil-A,Pancakes,Yes,Quite confident,1,Yes,more than a month,Yes,no idea,no idea,no idea,Green,Blue,Sports,beginner,Dogs,Bus,10,No,NONE,Quite respectful,above 5 hours,Milkshake / smoothie,AP bio,no idea,Yes,no idea,Yes,No,Pancakes,Yellow,USE,10,Walking,Superquiz 2;Superquiz 3;Superquiz 1;,49ers,USE,20-30 min,USE,beginner,100,PC,AP CSP,algorithmic process,No,Yes,Kanye West,USE,Other,1
3.6,2,4+,I don't play (cringe),8,VERY USE,Car,90000,No,I don't care,Soccer,No,131,Yes,Yes,Chik-fil-A,Mashed Potatoes and Gravy,No,Somewhat confident,1,Yes,2 days,Yes,no idea,intermediate,expert,Green,Red,Social Media / Media,beginner,Cats,Car,4,Yes,TSA,Quite respectful,above 5 hours,Milkshake / smoothie,AP bio,beginner,Yes,intermediate,Yes,Yes,Waffles,Yellow,NOT USE,80,Bus,,49ers,NEUTRAL,10-20 min,USE,no idea,100,PC,AP CSP,algorithmic process,Yes,Yes,Kanye West,USE,Other,2
3.9,1,3-Feb,Platinum,5,USE,Bus,10000,No,San Francisco,Football,Yes,141,No,No,In-n-Out Burger,Burger,No,Quite confident,5,Yes,more than a month,No,no idea,no idea,no idea,Red,Blue,Sports,beginner,Dogs,Bus,6,Yes,NONE,Not at all respectful,above 5 hours,Milk,AP bio,no idea,Yes,no idea,Yes,No,Pancakes,Green,NOT USE,3,Bus,Superquiz 3;Superquiz 2;Superquiz 1;,Chiefs,USE,30+ min,NEUTRAL,no idea,53,PC,AP CSP,algorithmic process,Yes,No,Kanye West,VERY USE,Yellow,1
2,1,0-1,I don't play (cringe),9,USE,Other,43000,Yes,I don't care,Tennis,Yes,142,No,Yes,Red Robin,Pancakes,No,Not at all confident,4,Yes,2 days,No,beginner,beginner,no idea,Yellow,Red,Reading,beginner,Cats,Car,5,Yes,NONE,Somewhat respectful,above 5 hours,Coffee,Honors bio,no idea,Yes,no idea,Yes,Yes,Waffles,Blue,USE,69,Bus,Superquiz 1;Superquiz 2;Superquiz 3;,Chiefs,VERY NOT USE,20-30 min,USE,no idea,149,PC,AP CSP,algorithmic process,Yes,Yes,Taylor Swift,USE,Green,1
3.9,1,4+,I don't play (cringe),7,VERY USE,Car,80000,Yes,San Francisco,Tennis,Yes,143,Yes,Yes,Chik-fil-A,Parmesan Sticks,Yes,Extremely confident,1,No,2 days,Yes,no idea,no idea,expert,Green,Blue,Gaming,intermediate,Dogs,Car,10,Yes,NONE,Somewhat respectful,above 5 hours,Other,AP bio,beginner,No,no idea,Yes,Yes,Waffles,Red,VERY USE,50,Bus,Superquiz 2;Superquiz 1;Superquiz 3;,49ers,USE,20-30 min,USE,beginner,20,PC,English,algorithmic process,Yes,No,Kanye West,USE,Yellow,0
4,3,2-Jan,Elite or higher (sweet),1,VERY USE,Other,90000,Yes,San Francisco,Basketball,Yes,146,No,Yes,McDonald's,Pizza,Yes,Extremely confident,1,Yes,less than a week,Yes,intermediate,beginner,expert,Green,Red,Sports,expert,Dogs,Car,6,Yes,NONE,Slightly respectful,above 5 hours,Water,AP bio,expert,Yes,intermediate,Yes,Yes,Pancakes,Yellow,VERY NOT USE,70,Car,,49ers,VERY NOT USE,10-20 min,NEUTRAL,expert,100,XBOX,English,algorithmic process,Yes,Yes,,VERY USE,Blue,1
3.95,1,3-Feb,I don't play (cringe),3,USE,Bus,20000,No,KC,Tennis,Yes,148,No,No,Chik-fil-A,Burger,No,Extremely confident,1,No,less than a week,Yes,beginner,beginner,beginner,Green,Red,Reading,beginner,Dogs,Bus,1,Yes,FBLA,Quite respectful,below 5 hours,Milkshake / smoothie,AP bio,beginner,Yes,beginner,Yes,Yes,Pancakes,Yellow,VERY USE,49,Bus,Superquiz 2;Superquiz 1;Superquiz 3;,Chiefs,VERY NOT USE,30+ min,VERY NOT USE,beginner,130,PC,English,algorithmic process,No,Yes,Taylor Swift,VERY USE,Blue,1
3.7,2,2-Jan,Silver,3,NEUTRAL,Bus,35000,No,I don't care,Tennis,Yes,149,No,Yes,McDonald's,Salad,No,Somewhat confident,1,Yes,less than a week,Yes,no idea,beginner,no idea,Other,Yellow,Gaming,no idea,Cats,Car,4,Yes,TSA,Slightly respectful,below 5 hours,Juices,Honors bio,beginner,No,beginner,Yes,Yes,Waffles,Blue,NEUTRAL,5,Bus,Superquiz 3;Superquiz 1;Superquiz 2;,49ers,VERY USE,10-20 min,USE,beginner,120,XBOX,AP CSP,algorithmic process,Yes,No,Kanye West,VERY USE,Other,2
3.2,1,2-Jan,Silver,3,VERY USE,Car,3000,No,I don't care,Soccer,Yes,150,Yes,No,Red Robin,Rice and Meat,No,Somewhat confident,4,Yes,end of semester,No,expert,no idea,expert,Red,Green,Gaming,intermediate,Dogs,Bus,6,Yes,NONE,Somewhat respectful,above 5 hours,Milk,Honors bio,beginner,Yes,beginner,Yes,No,Pancakes,Blue,VERY NOT USE,100,Bus,,49ers,VERY NOT USE,30+ min,USE,beginner,12,Playstation,English,algorithmic process,Yes,No,Kanye West,USE,Yellow,2
3.1,3,2-Jan,I don't play (cringe),7,USE,Car,20000,Yes,San Francisco,Tennis,Yes,152,No,Yes,Chik-fil-A,Parmesan Sticks,No,Slightly confident,3,No,less than a week,No,intermediate,beginner,intermediate,Blue,Other,Other,intermediate,Cats,Car,5,Yes,NONE,Quite respectful,below 5 hours,Water,AP bio,beginner,No,beginner,Yes,Yes,Waffles,Yellow,USE,56,Car,Superquiz 1;Superquiz 3;Superquiz 2;,49ers,NOT USE,20-30 min,NEUTRAL,intermediate,40,PC,AP CSP,algorithmic process,Yes,No,,USE,Green,1
3.6,1,4-Mar,Silver,6,VERY USE,Other,60000,Yes,I don't care,Soccer,Yes,153,No,Yes,McDonald's,Pizza,Yes,Quite confident,2,No,less than a week,Yes,no idea,no idea,intermediate,Green,Green,Social Media / Media,expert,Cats,Bus,9,Yes,NONE,Extremely respectful,above 5 hours,Other,Honors bio,no idea,Yes,no idea,Yes,No,Pancakes,Blue,VERY USE,10,Car,Superquiz 3;Superquiz 2;Superquiz 1;,,USE,10-20 min,USE,beginner,110,PC,English,algorithmic process,Yes,No,,USE,Red,0
4,4,2-Jan,I don't play (cringe),6,VERY USE,Car,50000,No,I don't care,Football,Yes,154,Yes,No,Chik-fil-A,Parmesan Sticks,No,Quite confident,5,Yes,less than a week,Yes,beginner,no idea,intermediate,Green,Red,Other,intermediate,Dogs,Bus,2,Yes,HOSA,Somewhat respectful,below 5 hours,Water,AP bio,beginner,Yes,no idea,Yes,Yes,Waffles,Other,USE,80,Car,,Chiefs,VERY USE,10-20 min,VERY USE,beginner,120,PC,AP CSP,algorithmic process,Yes,Yes,Taylor Swift,VERY USE,Blue,0
3.7,3,0-1,I don't play (cringe),7,NEUTRAL,Car,30000,Yes,I don't care,Soccer,Yes,155,No,Yes,Red Robin,Pizza,No,Somewhat confident,3,Yes,less than a week,No,intermediate,beginner,expert,Green,Blue,Social Media / Media,intermediate,Dogs,Car,2,Yes,FBLA,Quite respectful,below 5 hours,Coffee,AP bio,no idea,Yes,intermediate,Yes,Yes,Waffles,Red,NEUTRAL,50,Bus,Superquiz 2;Superquiz 1;Superquiz 3;,49ers,USE,10-20 min,USE,beginner,70,XBOX,AP CSP,algorithmic process,Yes,Yes,Taylor Swift,USE,Other,1
4,2,2-Jan,I don't play (cringe),3,VERY USE,Bus,45000,Yes,I don't care,Tennis,Yes,156,Yes,No,McDonald's,Rice and Meat,No,Extremely confident,3,Yes,less than a week,Yes,intermediate,intermediate,intermediate,Green,Blue,Other,intermediate,Cats,Car,1,Yes,FBLA,Extremely respectful,above 5 hours,Milkshake / smoothie,AP bio,no idea,No,intermediate,Yes,Yes,Pancakes,Red,VERY USE,60,Bus,Superquiz 1;Superquiz 3;Superquiz 2;,49ers,VERY USE,10-20 min,VERY USE,beginner,100,PC,English,algorithmic process,Yes,Yes,Taylor Swift,VERY USE,Yellow,1
4,4,3-Feb,I don't play (cringe),8,NEUTRAL,Walking,60000,Yes,KC,Basketball,Yes,157,No,Yes,McDonald's,Pancakes,Yes,Quite confident,1,No,less than a week,Yes,beginner,expert,no idea,Green,Blue,Gaming,intermediate,Dogs,Car,7,Yes,NONE,Quite respectful,below 5 hours,Soda,Honors bio,no idea,No,no idea,Yes,Yes,Waffles,Yellow,VERY NOT USE,70,Bus,Superquiz 2;Superquiz 3;Superquiz 1;,Chiefs,NEUTRAL,10-20 min,USE,beginner,140,PC,English,creative process,Yes,Yes,Taylor Swift,USE,Red,1
0,2,4+,Diamond,10,VERY USE,Car,40000,Yes,San Francisco,Soccer,Yes,158,No,Yes,McDonald's,Rice and Meat,Yes,Slightly confident,5,Yes,2 days,Yes,no idea,no idea,intermediate,Green,Blue,Sports,beginner,Cats,Car,10,Yes,NONE,Quite respectful,below 5 hours,Soda,AP bio,no idea,Yes,no idea,No,Yes,Pancakes,Red,NOT USE,69,Car,,49ers,NEUTRAL,10-20 min,VERY USE,beginner,150,PC,AP CSP,algorithmic process,Yes,Yes,Kanye West,USE,Yellow,2
0,1,0-1,Elite or higher (sweet),10,NEUTRAL,Other,100000,Yes,San Francisco,Basketball,No,160,Yes,No,Chik-fil-A,Pizza,Yes,Slightly confident,1,Yes,end of semester,No,no idea,no idea,no idea,Green,Blue,Listening to Music,no idea,Dogs,Car,10,Yes,FBLA,Extremely respectful,below 5 hours,Milkshake / smoothie,AP bio,no idea,Yes,no idea,No,Yes,Pancakes,Red,NEUTRAL,100,Bus,Superquiz 2;Superquiz 1;Superquiz 3;,49ers,VERY NOT USE,5-10 min,VERY NOT USE,intermediate,166,XBOX,AP CSP,algorithmic process,Yes,Yes,Taylor Swift,VERY USE,Yellow,1
3.7,3,2-Jan,Silver,8,VERY USE,Bus,50000,No,San Francisco,Basketball,Yes,161,No,Yes,Whataburger,Salad,Yes,Quite confident,4,Yes,less than a week,Yes,no idea,beginner,expert,Red,Red,Gaming,intermediate,Dogs,Other,7,Yes,NONE,Somewhat respectful,above 5 hours,Juices,AP bio,intermediate,Yes,no idea,Yes,Yes,Pancakes,Red,USE,69,Car,Superquiz 2;Superquiz 1;Superquiz 3;,Chiefs,VERY NOT USE,20-30 min,USE,,7,PC,AP CSP,algorithmic process,Yes,Yes,Kanye West,VERY USE,Yellow,1
3.5,1,2-Jan,I don't play (cringe),6,NEUTRAL,Car,400000,No,I don't care,Soccer,Yes,162,Yes,Yes,Chik-fil-A,,Yes,Slightly confident,1,Yes,end of semester,No,no idea,beginner,no idea,Yellow,Yellow,Sports,beginner,Dogs,Bus,10,Yes,NONE,Quite respectful,above 5 hours,Water,Honors bio,no idea,No,no idea,Yes,Yes,Waffles,Yellow,NEUTRAL,50,Car,Superquiz 3;Superquiz 2;Superquiz 1;,Chiefs,NEUTRAL,30+ min,NEUTRAL,no idea,150,PC,AP CSP,algorithmic process,Yes,Yes,Kanye West,NEUTRAL,Red,1
3.8,4,2-Jan,I don't play (cringe),8,VERY USE,Walking,20000,Yes,San Francisco,Soccer,Yes,144,Yes,Yes,Chik-fil-A,Pancakes,No,Slightly confident,1,Yes,less than a week,No,no idea,no idea,intermediate,Yellow,Green,Reading,beginner,Cats,Car,8,Yes,HOSA,Quite respectful,below 5 hours,Milkshake / smoothie,AP bio,beginner,Yes,no idea,Yes,Yes,Waffles,Red,USE,14,Bus,,49ers,VERY USE,20-30 min,USE,no idea,100,Switch,AP CSP,algorithmic process,Yes,No,Taylor Swift,VERY USE,Blue,1
4,4,2-Jan,Bronze,4,VERY USE,Car,125,No,San Francisco,Basketball,Yes,145,No,Yes,McDonald's,Pizza,No,Quite confident,3,Yes,less than a week,No,beginner,beginner,expert,Blue,Green,Listening to Music,intermediate,Dogs,Car,8,Yes,NONE,Extremely respectful,below 5 hours,Juices,AP bio,beginner,Yes,beginner,Yes,Yes,Pancakes,Yellow,USE,60,Bus,Superquiz 2;Superquiz 1;Superquiz 3;,49ers,NEUTRAL,5-10 min,USE,intermediate,155,XBOX,AP CSP,algorithmic process,Yes,Yes,Taylor Swift,VERY USE,Red,1
3.8,2,0-1,Diamond,6,VERY USE,Walking,20000,No,I don't care,Basketball,Yes,147,No,Yes,In-n-Out Burger,Pizza,Yes,Somewhat confident,3,Yes,less than a week,Yes,no idea,no idea,intermediate,Green,Red,Listening to Music,beginner,Dogs,Bus,10,Yes,NONE,Quite respectful,below 5 hours,Milkshake / smoothie,Honors bio,no idea,Yes,no idea,Yes,No,Pancakes,Yellow,NEUTRAL,34,Walking,,49ers,USE,20-30 min,NOT USE,beginner,100,XBOX,English,algorithmic process,Yes,No,Kanye West,VERY USE,Blue,1
3.9,2,4-Mar,Gold,8,USE,Bike,30000,No,San Francisco,Football,No,151,No,No,Chik-fil-A,Pizza,No,Slightly confident,5,Yes,less than a week,Yes,no idea,no idea,no idea,Green,Red,Social Media / Media,beginner,Dogs,Car,4,Yes,TSA,Quite respectful,below 5 hours,Soda,AP bio,no idea,Yes,no idea,Yes,Yes,Pancakes,Yellow,VERY NOT USE,49,Bike,Superquiz 3;Superquiz 1;Superquiz 2;,49ers,NEUTRAL,10-20 min,USE,no idea,90,Playstation,AP CSP,algorithmic process,Yes,No,Kanye West,NOT USE,Yellow,1
3.5,2,2-Jan,Platinum,7,NOT USE,Walking,100000,Yes,I don't care,Tennis,No,159,No,Yes,Chik-fil-A,Burger,No,Somewhat confident,1,No,less than a week,No,,no idea,no idea,Blue,Red,Listening to Music,beginner,Cats,Walking,7,Yes,NONE,Quite respectful,below 5 hours,Water,AP bio,beginner,Yes,no idea,Yes,No,Waffles,Red,NOT USE,60,Walking,Superquiz 1;Superquiz 3;Superquiz 2;,Chiefs,VERY USE,30+ min,USE,no idea,155,Switch,AP CSP,algorithmic process,Yes,Yes,Taylor Swift,NOT USE,Other,1
